MPASM  5.42                       RELOJMA.ASM   9-28-2014  11:00:19         PAGE  1


LOC  OBJECT CODE     LINE SOURCE TEXT
  VALUE

                      00001 ;**************************************** relojma.asm **************************************************
                            ***
                      00002 
                      00003 
                      00004 ; ZONA DE DATOS ****************************************************************************************
                            ***
                      00005 
                      00006                                                                 
2007   1F75           00007         __CONFIG _CP_ALL & _WDT_ON & _BODEN_ON & _PWRTE_ON & _XT_OSC & _LVP_OFF & _CPD_OFF
                      00008         ; Configuración del microcontrolador
                      00009 
                      00010         LIST     P=16F877A              ; Procesador utilizado.
                      00011         INCLUDE  <P16F877A.INC>         ; En este fichero se definen las etiquetas del PIC.
                      00001         LIST
                      00002 
                      00003 ;==========================================================================
                      00004 ;  MPASM PIC16F877A processor include
                      00005 ; 
                      00006 ;  (c) Copyright 1999-2011 Microchip Technology, All rights reserved
                      00007 ;==========================================================================
                      00008 
                      00555         LIST
                      00012 
                      00013         CBLOCK  0x20
  00000020            00014         NMENU
  00000021            00015         DATOTECLA
  00000022            00016         TEMPS
  00000023            00017         TEMPW
  00000024            00018         AMPM
  00000025            00019         NALARMA
  00000026            00020         NALARMAP
  00000027            00021         CONTADOR
  00000028            00022         HORAALARMA
  00000029            00023         MINUTOALARMA
  0000002A            00024         DIAALARMA
  0000002B            00025         VTIPOHORARIO
  0000002C            00026         VTIPOHORARIO2
  0000002D            00027         ESTADOALARMA
  0000002E            00028         TIPOTIMBRE
  0000002F            00029         TEMPROTAR
  00000030            00030         CONTROTAR
  00000031            00031         NALARMACERCANA
  00000032            00032         NALARMACERCANAF
  00000033            00033         HORADIF
  00000034            00034         MINUTODIF
  00000035            00035         HORADIFMENOR
  00000036            00036         MINUTODIFMENOR
  00000037            00037         MINUTOMENOR
  00000038            00038         CONTLEDLCD
  00000039            00039         TEMPHORA
  0000003A            00040         PASSWA
  0000003B            00041         PASSWB
  0000003C            00042         PASSWA1
MPASM  5.42                       RELOJMA.ASM   9-28-2014  11:00:19         PAGE  2


LOC  OBJECT CODE     LINE SOURCE TEXT
  VALUE

  0000003D            00043         PASSWB1
  0000003E            00044         CONTTECLADOWW
  0000003F            00045         ESTADOCONTRASENA
  00000040            00046         DTIMBREC
  00000041            00047         DTIMBREL
  00000042            00048         SONADAALARMAMF
  00000043            00049         MENDIAV
  00000044            00050         CONTDIATH
  00000045            00051         ULTIMAALARMAD
  00000046            00052         TOTALADIAS
  00000047            00053         TEMPTECLAP
                      00054         ENDC
                      00055         
  0000000E            00056 TARRIBA EQU     0x0E
  0000000D            00057 TABAJO  EQU     0x0D
  0000000F            00058 TENTER  EQU     0x0F
  0000000C            00059 TMENU   EQU     0x0C
  0000000A            00060 TAST    EQU     0x0A
  0000000B            00061 TNUM    EQU     0x0B
                      00062 
                      00063 
                      00064 #DEFINE  PINTIMBRE      PORTC,0                 ; Timbre por el puerto C bit 0 pin 15 
                      00065 #DEFINE  PINLEDLCD      PORTC,1                 ; Pin para la luz de fondo del LCD
                      00066 #DEFINE  TIEMPOLCD      d'20'                   ; Define el tiempo en n*500ms de la duración
                      00067                                                 ; de la luz del LCD
                      00068 #DEFINE  EEDDCONH       0xFE                    ; Direcciones donde se almacena la contraseña
                      00069 #DEFINE  EEDDCONB       0xFF
                      00070 #DEFINE  EEDDESTACON    0xFD                    ; Dirección del estado de la contraseña
                      00071 #DEFINE  EEDDTIMBREC    0xFB                    ; Direcciones en la EPROM para la duracion de timbres
                      00072 #DEFINE  EEDDTIMBREL    0xFC
                      00073 #DEFINE  EEDDTHLUN      0xF1                    ; El día lunes esta en la dirección F2 porque Lunes es 1
                             + F1
                      00074                                                 ; Domingo en la dirección F8, días de F2-F8
                      00075 
                      00076 
                      00077 ; ZONA DE CÓDIGOS **************************************************************************************
                            ****
                      00078 
0000                  00079         ORG     0
0000   286A           00080         GOTO    INICIO
0004                  00081         ORG     4
0004   2896           00082         GOTO    INTERRPUCION
                      00083 
                      00084         INCLUDE "Librerias\TECLADO.INC"
                      00001 ;**************************** Librería "TECLADO.INC" ***********************************
                      00002 ;
                      00003 ;       ===================================================================
                      00004 ;         Del libro "MICROCONTROLADOR PIC16F84. DESARROLLO DE PROYECTOS"
                      00005 ;         E. Palacios, F. Remiro y L. López.
                      00006 ;         Editorial Ra-Ma.  www.ra-ma.es
                      00007 ;       ===================================================================
                      00008 ;
                      00009 ; Librería de subrutinas para la gestión de un teclado organizado en una matriz de 4 x 4 y 
MPASM  5.42                       RELOJMA.ASM   9-28-2014  11:00:19         PAGE  3


LOC  OBJECT CODE     LINE SOURCE TEXT
  VALUE

                      00010 ; conectado al Puerto B según la disposición siguiente y explicada en la figura 19-2 del libro:
                      00011 ;
                      00012 ;                RB4 RB5 RB6 RB7
                      00013 ;                  ^    ^    ^    ^
                      00014 ;               |----|----|----|----|
                      00015 ;       RA0 --> |  0 |  1 |  2 |  3 |
                      00016 ;               |----|----|----|----|
                      00017 ;       RB1 --> |  4 |  5 |  6 |  7 |
                      00018 ;               |----|----|----|----|
                      00019 ;       RB2 --> |  8 |  9 | 10 | 11 |
                      00020 ;               |----|----|----|----|
                      00021 ;       RB3 --> | 12 | 13 | 14 | 15 |
                      00022 ;               |----|----|----|----|
                      00023 ;
                      00024 ; Los números que se han dibujado dentro de cada cuadrado son el orden de las teclas
                      00025 ; que no tienen por qué coincidir con lo serigrafiado sobre ellas. El paso del número de orden
                      00026 ; de la tecla al valor que hay serigrafiado sobre la misma se hace con una tabla de conversión.
                      00027 ;
                      00028 ; ZONA DE DATOS **********************************************************************
                      00029 ;
                      00030         CBLOCK
  00000048            00031         Tecl_TeclaOrden                 ; Orden de la tecla a chequear.
  00000049            00032         TPORTB
  0000004A            00033         TEMPTECLADO
  0000004B            00034         MAXTECLADO
                      00035         ENDC
                      00036 
  0000000F            00037 Tecl_UltimaTecla        EQU     d'15'           ; Valor de orden de la última tecla utilizada.
                      00038 
                      00039 ; Subrutina "Teclado_LeeHex" ************************************************************
                      00040 ;
                      00041 ; Cada tecla tiene asignado un número de orden que es contabilizado en la variable
                      00042 ; Tecl_TeclaOrden. Para convertir a su valor según el tipo de teclado en concreto se
                      00043 ; utiliza una tabla de conversión. 
                      00044 ; A continuación se expone la relación entre el número de orden de la tecla y los
                      00045 ; valores correspondientes para el teclado hexadecimal más utilizado.
                      00046 ;
                      00047 ;           ORDEN DE TECLA:             TECLADO HEX. UTILIZADO:
                      00048 ;                0   1   2   3                  1  2  3  F
                      00049 ;                4   5   6   7                  4  5  6  E
                      00050 ;                8   9  10  11                  7  8  9  D
                      00051 ;               12  13  14  15                  A  0  B  C
                      00052 ;
                      00053 ; Así, en este ejemplo, la tecla "7" ocupa el orden 8, la tecla "F" ocupa el orden 3 y la
                      00054 ; tecla "9" el orden 10.
                      00055 
                      00056 ; Si cambia el teclado también hay cambiar de tabla de conversión.
                      00057 ;
                      00058 ; Entrada:      En (W) el orden de la tecla pulsada.
                      00059 ; Salida:       En (W) el valor hexadecimal para este teclado concreto.
                      00060 ;
0005                  00061 Teclado_LeeHex
0005   2035           00062         call    Teclado_LeeOrdenTecla   ; Lee el Orden de la tecla pulsada.
MPASM  5.42                       RELOJMA.ASM   9-28-2014  11:00:19         PAGE  4


LOC  OBJECT CODE     LINE SOURCE TEXT
  VALUE

0006   1C03           00063         btfss   STATUS,C                ; ¿Pulsa alguna tecla?, ¿C=1?
0007   280A           00064         goto    Tecl_FinLeeHex          ; No, por tanto sale.
0008   200B           00065         call    Tecl_ConvierteOrdenEnHex        ; Lo convierte en su valor real mediante tabla.
0009   1403           00066         bsf     STATUS,C                ; Vuelve a posicionar el Carry, porque la
000A                  00067 Tecl_FinLeeHex                          ; instrucción "addwf PCL,F" lo pone a "0".
000A   0008           00068         return
                      00069 ;
000B                  00070 Tecl_ConvierteOrdenEnHex                        ; Según el teclado utilizado resulta:
000B   0782           00071         addwf   PCL,F
000C   3401 3402 3403 00072         DT      1h,2h,3h,0Fh            ; Primera fila del teclado.
       340F 
0010   3404 3405 3406 00073         DT      4h,5h,6h,0Eh            ; Segunda fila del teclado
       340E 
0014   3407 3408 3409 00074         DT      7h,8h,9h,0Dh            ; Tercera fila del teclado.
       340D 
0018   340A 3400 340B 00075         DT      0Ah,0h,0Bh,0Ch          ; Cuarta fila del teclado.
       340C 
001C                  00076 Teclado_FinTablaHex
                      00077 ;
                      00078 ; Esta tabla se sitúa al principio de la librería con el propósito de que no supere la
                      00079 ; posición 0FFh de memoria ROM de programa. De todas formas, en caso que así fuera 
                      00080 ; visualizaría el siguiente mensaje de error en el proceso de ensamblado:
                      00081 ;
                      00082         IF (Teclado_FinTablaHex > 0xFF)
                      00083                 ERROR   "Atención: La tabla ha superado el tamaño de la página de los"
                      00084                 MESSG   "primeros 256 bytes de memoria ROM. NO funcionará correctamente."
                      00085         ENDIF
                      00086         
                      00087 ; Subrutina "Teclado_Inicializa" --------------------------------------------------------
                      00088 ;
                      00089 ; Esta subrutina configura las líneas del Puerto B según la conexión del teclado realizada
                      00090 ; y comprueba que no hay pulsada tecla alguna al principio.
                      00091 
001C                  00092 Teclado_Inicializa
001C   1683           00093         bsf     STATUS,RP0              ; Configura las líneas del puerto:
001D   1005           00094         BCF     PORTA,0
001E   1086           00095         BCF     PORTB,1
001F   1106           00096         BCF     PORTB,2
0020   1186           00097         BCF     PORTB,3
0021   1606           00098         BSF     PORTB,4
0022   1686           00099         BSF     PORTB,5
0023   1706           00100         BSF     PORTB,6
0024   1786           00101         BSF     PORTB,7
Message[302]: Register in operand not in bank 0.  Ensure that bank bits are correct.
0025   1381           00102         bcf     OPTION_REG,NOT_RBPU     ; Habilita resistencia de Pull-Up del Puerto B.
0026   1283           00103         bcf     STATUS,RP0              ; Acceso al banco 0.
                      00104 ;       call    Teclado_EsperaDejePulsar
                      00105 ;       return
                      00106 ;
                      00107 ; Subrutina "Teclado_EsperaDejePulsar" --------------------------------------------------
                      00108 ;
                      00109 ;Permanece en esta subrutina mientras siga pulsada la tecla.
                      00110 ;
MPASM  5.42                       RELOJMA.ASM   9-28-2014  11:00:19         PAGE  5


LOC  OBJECT CODE     LINE SOURCE TEXT
  VALUE

  000000F0            00111 Teclado_Comprobacion    EQU     b'11110000'
                      00112 
0027                  00113 Teclado_EsperaDejePulsar:
0027   1005           00114         BCF     PORTA,0
0028   1086           00115         BCF     PORTB,1
0029   1106           00116         BCF     PORTB,2 
002A   1186           00117         BCF     PORTB,3
002B   30F0           00118         movlw   Teclado_Comprobacion    ; Pone a cero las cuatro líneas de salida del 
002C   0086           00119         movwf   PORTB                   ; Puerto B.
002D                  00120 Teclado_SigueEsperando
002D   0064           00121         clrwdt
002E   26D4           00122         call    Retardo_20ms            ; Espera a que se estabilicen los niveles de tensión.
002F   0806           00123         movf    PORTB,W         ; Lee el Puerto B.
0030   39F0           00124         andlw   b'11110000'
0031   3CF0           00125         sublw   Teclado_Comprobacion    ; Si es lo mismo que escribió es que ya no pulsa 
0032   1D03           00126         btfss   STATUS,Z                ; tecla alguna.
0033   282D           00127         goto    Teclado_SigueEsperando
0034   0008           00128         return
                      00129 ;
                      00130 ; Subrutina "Teclado_LeeOrdenTecla" -----------------------------------------------------
                      00131 ;
                      00132 ; Lee el teclado, obteniendo el orden de la tecla pulsada. 
                      00133 ;
                      00134 ; Salida:       En (W) el número de orden de la tecla pulsada. Además Carry se pone a "1" si
                      00135 ;               se pulsa una tecla ó a "0" si no se pulsa tecla alguna. q       
                      00136 ;
0035                  00137 Teclado_LeeOrdenTecla:
0035   01C8           00138         clrf    Tecl_TeclaOrden         ; Todavía no ha empezado a chequear el teclado.
0036   30FE           00139         movlw   b'11111110'             ; Va a chequear primera fila.
0037   00C9           00140         movwf   TPORTB
0038                  00141 Tecl_ChequeaFila
0038   1005           00142         BCF     PORTA,0
0039   1849           00143         BTFSC   TPORTB,0
003A   1405           00144         BSF     PORTA,0                         ; (Ver esquema de conexión).
003B   0849           00145         MOVF    TPORTB,W
003C   0086           00146         movwf   PORTB                   ; Activa la fila correspondiente.
003D                  00147 Tecl_Columna1
003D   1E06           00148         btfss   PORTB,4                 ; Chequea la 1ª columna buscando un cero. 
003E   2852           00149         goto    Tecl_GuardaValor                ; Sí, es cero y por tanto guarda su valor y sale.
003F   0AC8           00150         incf    Tecl_TeclaOrden,F               ; Va a chequear la siguiente tecla.
0040                  00151 Tecl_Columna2                           ; Repite proceso para las siguientes 
0040   1E86           00152         btfss   PORTB,5                 ; columnas.
0041   2852           00153         goto    Tecl_GuardaValor
0042   0AC8           00154         incf    Tecl_TeclaOrden,F
0043                  00155 Tecl_Columna3           
0043   1F06           00156         btfss   PORTB,6
0044   2852           00157         goto    Tecl_GuardaValor
0045   0AC8           00158         incf    Tecl_TeclaOrden,F
0046                  00159 Tecl_Columna4           
0046   1F86           00160         btfss   PORTB,7
0047   2852           00161         goto    Tecl_GuardaValor
0048   0AC8           00162         incf    Tecl_TeclaOrden,F
                      00163 ;
MPASM  5.42                       RELOJMA.ASM   9-28-2014  11:00:19         PAGE  6


LOC  OBJECT CODE     LINE SOURCE TEXT
  VALUE

                      00164 ; Comprueba si ha chequeado la última tecla, en cuyo caso sale. Para ello testea si
                      00165 ; el contenido del registro Tecl_TeclaOrden es igual al número de teclas del teclado.
                      00166 ;
0049                  00167 Tecl_TerminaColumnas
0049   300F           00168         movlw   Tecl_UltimaTecla
004A   0248           00169         subwf   Tecl_TeclaOrden,W               ; (W) = (Tecl_TeclaOrden)-Tecl_UltimaTecla.
004B   1803           00170         btfsc   STATUS,C                ; ¿C=0?, ¿(W) negativo?, ¿(Tecl_TeclaOrden)<15?
004C   2850           00171         goto    Tecl_NoPulsada          ; No, se ha llegado al final del chequeo.
004D   1403           00172         bsf     STATUS,C                ; Sí. Va a chequear la siguiente fila.
004E   0DC9           00173         rlf     TPORTB,F                ; Apunta a la siguiente fila.
004F   2838           00174         goto    Tecl_ChequeaFila        
0050                  00175 Tecl_NoPulsada
0050   1003           00176         bcf     STATUS,C                ; Posiciona C=0, indicando que no ha pulsado
0051   2854           00177         goto    Tecl_FinTecladoLee      ; tecla alguna y sale.
0052                  00178 Tecl_GuardaValor
0052   0848           00179         movf    Tecl_TeclaOrden,W               ; El orden de la tecla pulsada en (W) y sale.
0053   1403           00180         bsf     STATUS,C                ; Como hay tecla tecla pulsada, pone C=1. 
0054                  00181 Tecl_FinTecladoLee
0054   0008           00182         return
                      00183         
                      00184 ;       ===================================================================
                      00185 ;         Del libro "MICROCONTROLADOR PIC16F84. DESARROLLO DE PROYECTOS"
                      00186 ;         E. Palacios, F. Remiro y L. López.
                      00187 ;         Editorial Ra-Ma.  www.ra-ma.es
                      00188 ;       ===================================================================
                      00189 
                      00190 
0055                  00191 Teclado_LeeHexw                         ; Espera a que se leea y pasa el dato a W
0055   0064           00192         CLRWDT                          ; Resetea el WDT
0056   2005           00193         CALL    Teclado_LeeHex
0057   1C03           00194         BTFSS   STATUS,C
0058   2855           00195         GOTO    Teclado_LeeHexw
0059   00CA           00196         MOVWF   TEMPTECLADO
005A   2027           00197         CALL    Teclado_EsperaDejePulsar
005B   084A           00198         MOVF    TEMPTECLADO,W
005C   0008           00199         RETURN
                      00200 
005D                  00201 Teclado_Leemax
005D   3E01           00202         ADDLW   d'1'
005E   00CB           00203         MOVWF   MAXTECLADO
005F                  00204 Teclado_Leemaxa
005F   2055           00205         CALL    Teclado_LeeHexw
0060   00CA           00206         MOVWF   TEMPTECLADO
0061   3C0C           00207         SUBLW   TMENU                   ; Si se pulsa TMENU se cancela
0062   1903           00208         BTFSC   STATUS,Z
0063   286A           00209         GOTO    INICIO
0064   084B           00210         MOVF    MAXTECLADO,W
0065   024A           00211         SUBWF   TEMPTECLADO,W
0066   1803           00212         BTFSC   STATUS,C
0067   285F           00213         GOTO    Teclado_Leemaxa
0068   084A           00214         MOVF    TEMPTECLADO,W
0069   0008           00215         RETURN
                      00216 
MPASM  5.42                       RELOJMA.ASM   9-28-2014  11:00:19         PAGE  7


LOC  OBJECT CODE     LINE SOURCE TEXT
  VALUE

                      00217         
                      00085 
                      00086 
006A                  00087 INICIO
                      00088 ;       MOVLW   0x18
                      00089 ;       MOVWF   Hora
                      00090 ;       MOVLW   0x32
                      00091 ;       MOVWF   Minuto
                      00092 ;       MOVLW   0x02
                      00093 ;       MOVWF   DiaSemana
006A   158A           00094         BSF     PCLATH,3                ; Pagina 1
006B   120A           00095         BCF     PCLATH,4 
Message[306]: Crossing page boundary -- ensure page bits are set.
006C   22B4           00096         CALL    COMPALARMAS     
006D   018A           00097         CLRF    PCLATH                  ; Pagina 0
                      00098         
006E   1007           00099         BCF     PINTIMBRE               ; Se asegura que el timbre esta apagado         
006F   201C           00100         CALL    Teclado_Inicializa      ; Configura las líneas del teclado.
                      00101 
0070   1683           00102         BSF     STATUS,RP0              ; Pone a 1 el bit 5 del STATUS. Acceso al Banco 1.
0071   3007           00103         MOVLW   0x07                    ; Todas las entradas digitales
Message[302]: Register in operand not in bank 0.  Ensure that bank bits are correct.
0072   009F           00104         MOVWF   ADCON1
Message[302]: Register in operand not in bank 0.  Ensure that bank bits are correct.
0073   1701           00105         BSF     OPTION_REG,INTEDG       ; Interrupción INT de RB0 activada por flanco de bajada.
Message[302]: Register in operand not in bank 0.  Ensure that bank bits are correct.
0074   1581           00106         BSF     OPTION_REG,PSA          ; Preescaler asignado al WDT
Message[302]: Register in operand not in bank 0.  Ensure that bank bits are correct.
0075   1401           00107         BSF     OPTION_REG,PS0          ; Preescaler en 1:128 x 18ms
Message[302]: Register in operand not in bank 0.  Ensure that bank bits are correct.
0076   1481           00108         BSF     OPTION_REG,PS1
Message[302]: Register in operand not in bank 0.  Ensure that bank bits are correct.
0077   1501           00109         BSF     OPTION_REG,PS2
0078   1406           00110         BSF     PORTB,0                 ; Coloca al RB0 como entrada
0079   1085           00111         BCF     PORTA,1
007A   1007           00112         BCF     PINTIMBRE               ; Coloca al pin del timbre como salida
007B   1087           00113         BCF     PINLEDLCD               ; Coloca el pin de la luz de fondo del LCD como salida
007C   1283           00114         BCF     STATUS,RP0
007D   25AC           00115         CALL    LCD_Inicializa          ; Inicializa la pantalla y graba el logo en su memoria
007E   2752           00116         CALL    DS1307_Inicializa
                      00117 
007F   275B           00118         CALL    DS1307_Lee              ; Lee los segundos en el DS1307 y comprueba el
0080   1FDF           00119         BTFSS   Segundo,7               ; valor del bit CH. Si es "1" salta toda la
0081   2887           00120         GOTO    INICIO2                 ; inicialización de los registros y la puesta
                      00121                                         ; en hora inicial.
0082   2778           00122         call    DS1307_CargaInicial     ; Realiza la carga inicial 
0083   30FD           00123         MOVLW   EEDDESTACON             ; Dirección de estado de la contraseña
0084   2797           00124         CALL    EEDIR
0085   0103           00125         CLRW                            ; Cuando se quita la pila
0086   27A8           00126         CALL    EEESCRIBIR              ; Deshabilita la contraseña
                      00127         
                      00128 
                      00129 
MPASM  5.42                       RELOJMA.ASM   9-28-2014  11:00:19         PAGE  8


LOC  OBJECT CODE     LINE SOURCE TEXT
  VALUE

0087                  00130 INICIO2
0087   1487           00131         BSF     PINLEDLCD
0088   158A           00132         BSF     PCLATH,3                ; Pagina 1
0089   120A           00133         BCF     PCLATH,4 
Message[306]: Crossing page boundary -- ensure page bits are set.
008A   22B4           00134         CALL    COMPALARMAS             ; Compara las alamras   
008B   018A           00135         CLRF    PCLATH                  ; Pagina 0
008C   2139           00136         CALL    ARELOJ                  ; Actualiza la hora
                      00137 
008D   3098           00138         MOVLW   b'10011000'             ; Habilita la interrupción INT de RB0, RBI y la general.
008E   008B           00139         MOVWF   INTCON
008F   1007           00140         BCF     PINTIMBRE               
0090   3014           00141         MOVLW   TIEMPOLCD
0091   00B8           00142         MOVWF   CONTLEDLCD
0092   01C2           00143         CLRF    SONADAALARMAMF
0093   25F9           00144         CALL    LCD_CursorOFF
                      00145 
                      00146 
0094                  00147 PRINCIPAL
0094   0063           00148         SLEEP
0095   2894           00149         GOTO    PRINCIPAL
                      00150 
                      00151 
                      00152 ; ZONA DE INTERRUPCION *********************************************************************************
                            ******  
0096                  00153 INTERRPUCION
0096   00A3           00154         MOVWF   TEMPW
0097   0E03           00155         SWAPF   STATUS,W
0098   00A2           00156         MOVWF   TEMPS
                      00157 
0099   188B           00158         BTFSC   INTCON,INTF             ; Interrupción del reloj
009A   2139           00159         CALL    ARELOJ                  ; Actualiza la hora
009B   188B           00160         BTFSC   INTCON,INTF             ; Interrupción del reloj
009C   2523           00161         CALL    TESTEARALARMA
                      00162 
009D   180B           00163         BTFSC   INTCON,RBIF             ; Interrupción del teclado
009E   28A6           00164         GOTO    ITECLADO
                      00165 
009F                  00166 FININTERRUPCION
009F   0E22           00167         SWAPF   TEMPS,W                 ; Devuelve las variableds
00A0   0083           00168         MOVWF   STATUS
00A1   0EA3           00169         SWAPF   TEMPW,F
00A2   0E23           00170         SWAPF   TEMPW,W
                      00171 
00A3   100B           00172         BCF     INTCON,RBIF             ; Resetea las banderas de interrupción
00A4   108B           00173         BCF     INTCON,INTF
00A5   0009           00174         RETFIE
                      00175 
                      00176 
                      00177 ; ZONA DE SUBRUTINAS ***********************************************************************************
                            ****
                      00178 
                      00179 ; INTERRUPCIÓN POR TECLADO *****************************************************************************
MPASM  5.42                       RELOJMA.ASM   9-28-2014  11:00:19         PAGE  9


LOC  OBJECT CODE     LINE SOURCE TEXT
  VALUE

                            *****
00A6                  00180 ITECLADO
00A6   2005           00181         CALL    Teclado_LeeHex                  ; Obtiene el valor hexadecimal de la tecla pulsada.
00A7   00C7           00182         MOVWF   TEMPTECLAP
                      00183 
00A8   1487           00184         BSF     PINLEDLCD                       ; Enciende la luz de fondo del LCD
00A9   3014           00185         MOVLW   TIEMPOLCD                       ; Inicilaliza el contador de luz LCD
00AA   00B8           00186         MOVWF   CONTLEDLCD
                      00187 
00AB   0847           00188         MOVF    TEMPTECLAP,W
00AC   3C0C           00189         SUBLW   TMENU
00AD   1903           00190         BTFSC   STATUS,Z
00AE   28BD           00191         GOTO    ITECLADOA                       ; Si se pulso la tecla Menu va a ITECLADOA
                      00192 
00AF   0847           00193         MOVF    TEMPTECLAP,W
00B0   3C0B           00194         SUBLW   TNUM
00B1   1D03           00195         BTFSS   STATUS,Z
00B2   2931           00196         GOTO    FINITECLADO                     ; Si no se pulso el Numeral va a FINITECLADO
                      00197         
00B3   1407           00198         BSF     PINTIMBRE                       ; Timbra
00B4   25AC           00199         CALL    LCD_Inicializa                  ; Inicializa la pantalla y graba el logo en su memoria
00B5   26A7           00200         CALL    LCD_Borra
00B6   23D7           00201         CALL    MRINGON
00B7   26D0           00202         CALL    Retardo_100ms
00B8   2027           00203         CALL    Teclado_EsperaDejePulsar        ; Para que no se repita el mismo carácter 
00B9   1007           00204         BCF     PINTIMBRE                       ; Apaga el timbre
00BA   25AC           00205         CALL    LCD_Inicializa                  ; Inicializa la pantalla y graba el logo en su memoria
00BB   26A7           00206         CALL    LCD_Borra
00BC   2931           00207         GOTO    FINITECLADO                     ; Va a fin teclado
                      00208 
                      00209 
                      00210 
00BD                  00211 ITECLADOA
00BD   2027           00212         CALL    Teclado_EsperaDejePulsar        ; Para que no se repita el mismo carácter 
00BE   25AC           00213         CALL    LCD_Inicializa                  ; Inicializa la pantalla y graba el logo en su memoria
00BF   26A7           00214         CALL    LCD_Borra
                      00215 
00C0   30FD           00216         MOVLW   EEDDESTACON                     ; Comprueba si el sistema piede o no contraseña
00C1   2797           00217         CALL    EEDIR
00C2   279D           00218         CALL    EELEER
00C3   00BF           00219         MOVWF   ESTADOCONTRASENA
00C4   1C3F           00220         BTFSS   ESTADOCONTRASENA,0
00C5   28E9           00221         GOTO    ITECLADO1
                      00222 
00C6   26A7           00223         CALL    LCD_Borra                       ; Pide la contraseña
00C7   23C2           00224         CALL    MCONTRASENA
00C8   25EF           00225         CALL    LCD_Linea2
00C9   30FF           00226         MOVLW   0xFF
00CA   00BE           00227         MOVWF   CONTTECLADOWW
                      00228 
00CB   259A           00229         CALL    Teclado_LeeHexww
00CC   00BA           00230         MOVWF   PASSWA
00CD   0EBA           00231         SWAPF   PASSWA,F
MPASM  5.42                       RELOJMA.ASM   9-28-2014  11:00:19         PAGE 10


LOC  OBJECT CODE     LINE SOURCE TEXT
  VALUE

00CE   302A           00232         MOVLW   '*'
00CF   2606           00233         CALL    LCD_Caracter
00D0   259A           00234         CALL    Teclado_LeeHexww
00D1   07BA           00235         ADDWF   PASSWA,F
00D2   302A           00236         MOVLW   '*'
00D3   2606           00237         CALL    LCD_Caracter
                      00238 
00D4   259A           00239         CALL    Teclado_LeeHexww
00D5   00BB           00240         MOVWF   PASSWB
00D6   0EBB           00241         SWAPF   PASSWB,F
00D7   302A           00242         MOVLW   '*'
00D8   2606           00243         CALL    LCD_Caracter
00D9   259A           00244         CALL    Teclado_LeeHexww
00DA   07BB           00245         ADDWF   PASSWB,F
00DB   302A           00246         MOVLW   '*'
00DC   2606           00247         CALL    LCD_Caracter
                      00248         
00DD   30FE           00249         MOVLW   EEDDCONH                                ; Comprueba la contraseña
00DE   2797           00250         CALL    EEDIR
00DF   279D           00251         CALL    EELEER
00E0   023A           00252         SUBWF   PASSWA,W
00E1   1D03           00253         BTFSS   STATUS,Z
00E2   2931           00254         GOTO    FINITECLADO                     ; Contraseña invalida
                      00255 
00E3   30FF           00256         MOVLW   EEDDCONB
00E4   2797           00257         CALL    EEDIR
00E5   279D           00258         CALL    EELEER
00E6   023B           00259         SUBWF   PASSWB,W
00E7   1D03           00260         BTFSS   STATUS,Z
00E8   2931           00261         GOTO    FINITECLADO                     ; Contraseña invalida
                      00262 
00E9                  00263 ITECLADO1                                       
                      00264         
00E9   26A7           00265         CALL    LCD_Borra                       ; Borra y muestra el menu
00EA   304D           00266         MOVLW   'M'
00EB   2606           00267         CALL    LCD_Caracter
00EC   3045           00268         MOVLW   'E'
00ED   2606           00269         CALL    LCD_Caracter
00EE   304E           00270         MOVLW   'N'
00EF   2606           00271         CALL    LCD_Caracter
00F0   3055           00272         MOVLW   'U'
00F1   2606           00273         CALL    LCD_Caracter
                      00274 
00F2   300A           00275         MOVLW   d'10'
00F3   25F1           00276         CALL    LCD_PosicionLinea1
                      00277 
00F4   3000           00278         MOVLW   0x00                    ; Imprime los caracteres que conforman el logo
00F5   2606           00279         CALL    LCD_Caracter
00F6   3001           00280         MOVLW   0x01
00F7   2606           00281         CALL    LCD_Caracter
00F8   3002           00282         MOVLW   0x02
00F9   2606           00283         CALL    LCD_Caracter
00FA   3003           00284         MOVLW   0x03
MPASM  5.42                       RELOJMA.ASM   9-28-2014  11:00:19         PAGE 11


LOC  OBJECT CODE     LINE SOURCE TEXT
  VALUE

00FB   2606           00285         CALL    LCD_Caracter
00FC   3004           00286         MOVLW   0x04
00FD   2606           00287         CALL    LCD_Caracter
00FE   3005           00288         MOVLW   0x05
00FF   2606           00289         CALL    LCD_Caracter
                      00290 
0100   01A0           00291         CLRF    NMENU
0101   24AD           00292         CALL    ACTMENU
                      00293 
0102                  00294 ITECLADO2       
0102   2055           00295         CALL    Teclado_LeeHexw
0103   00A1           00296         MOVWF   DATOTECLA
0104   3C0D           00297         SUBLW   TABAJO
0105   1903           00298         BTFSC   STATUS,Z
0106   238D           00299         CALL    INCNMENU
                      00300         
0107   0821           00301         MOVF    DATOTECLA,W
0108   3C0E           00302         SUBLW   TARRIBA
0109   1903           00303         BTFSC   STATUS,Z
010A   2393           00304         CALL    DECNMENU
                      00305         
010B   0821           00306         MOVF    DATOTECLA,W
010C   3C0C           00307         SUBLW   TMENU
010D   1903           00308         BTFSC   STATUS,Z
010E   2931           00309         GOTO    FINITECLADO
                      00310         
010F   0821           00311         MOVF    DATOTECLA,W
0110   3C0F           00312         SUBLW   TENTER
0111   1903           00313         BTFSC   STATUS,Z
0112   2916           00314         GOTO    ENTERMENU
                      00315 
0113   24AD           00316         CALL    ACTMENU
                      00317 
0114   2027           00318         CALL    Teclado_EsperaDejePulsar        ; Para que no se repita el mismo carácter 
0115   2902           00319         GOTO    ITECLADO2
                      00320 
                      00321 
0116                  00322 ENTERMENU
0116   0820           00323         MOVF    NMENU,W
0117   1903           00324         BTFSC   STATUS,Z
0118   21B8           00325         CALL    FIJARRELOJ
                      00326 
0119   0820           00327         MOVF    NMENU,W
011A   3C01           00328         SUBLW   0x01
011B   1903           00329         BTFSC   STATUS,Z
011C   223F           00330         CALL    FIJARALARMAS
                      00331         
011D   0820           00332         MOVF    NMENU,W
011E   3C02           00333         SUBLW   0x02
011F   158A           00334         BSF     PCLATH,3                ; Pagina 1
0120   120A           00335         BCF     PCLATH,4 
0121   1903           00336         BTFSC   STATUS,Z
Message[306]: Crossing page boundary -- ensure page bits are set.
MPASM  5.42                       RELOJMA.ASM   9-28-2014  11:00:19         PAGE 12


LOC  OBJECT CODE     LINE SOURCE TEXT
  VALUE

0122   2237           00337         CALL    TIPOHORARIO
                      00338         
0123   158A           00339         BSF     PCLATH,3                ; Pagina 1
0124   120A           00340         BCF     PCLATH,4 
0125   0820           00341         MOVF    NMENU,W
0126   3C03           00342         SUBLW   0x03
0127   1903           00343         BTFSC   STATUS,Z
Message[306]: Crossing page boundary -- ensure page bits are set.
0128   211E           00344         CALL    DEFCONTRASENA
0129   018A           00345         CLRF    PCLATH                  ; Pagina 0
                      00346 
                      00347 
012A   158A           00348         BSF     PCLATH,3                ; Pagina 1
012B   120A           00349         BCF     PCLATH,4 
012C   0820           00350         MOVF    NMENU,W
012D   3C04           00351         SUBLW   0x04
012E   1903           00352         BTFSC   STATUS,Z
Message[306]: Crossing page boundary -- ensure page bits are set.
012F   21D0           00353         CALL    DEFDURATIMBRES
0130   018A           00354         CLRF    PCLATH                  ; Pagina 0
                      00355 
                      00356 
0131                  00357 FINITECLADO     
0131   25F9           00358         CALL    LCD_CursorOFF
0132   26A7           00359         CALL    LCD_Borra
0133   158A           00360         BSF     PCLATH,3                ; Pagina 1
0134   120A           00361         BCF     PCLATH,4 
Message[306]: Crossing page boundary -- ensure page bits are set.
0135   22B4           00362         CALL    COMPALARMAS     
0136   018A           00363         CLRF    PCLATH                  ; Pagina 0
0137   2139           00364         CALL    ARELOJ                          ; Para que muestre imediatamente la hora
0138   289F           00365         GOTO    FININTERRUPCION
                      00366 
                      00367 
0139                  00368 ARELOJ
                      00369 
0139   1683           00370         BSF     STATUS,RP0              ; Acceso banco 1.
013A   3040           00371         MOVLW   b'01000000'             ; El bit INTEDG está en el lugar 6 del registro.
Message[302]: Register in operand not in bank 0.  Ensure that bank bits are correct.
013B   0681           00372         XORWF   OPTION_REG,F            ; Para hacer interrupciones cada 500ms y así dar pulso a los :
013C   1283           00373         BCF     STATUS,RP0              ; Acceso banco 0.
                      00374 
013D   03B8           00375         DECF    CONTLEDLCD,F            ; Decrementa a CONTLEDLCD para apagar la luz de fondo
013E   1903           00376         BTFSC   STATUS,Z                ; despues de un tiempo determinado
013F   1087           00377         BCF     PINLEDLCD
                      00378         
0140   275B           00379         CALL    DS1307_Lee              ; Lee la hora del DS1307
0141   085D           00380         MOVF    Hora,W
0142   00B9           00381         MOVWF   TEMPHORA
                      00382 
                      00383                 
0143   085D           00384         MOVF    Hora,W                  ; Para saber si es AM o PM
0144   3C11           00385         SUBLW   0x11                    ; Literal - Work, desde las 12 ya son PM
MPASM  5.42                       RELOJMA.ASM   9-28-2014  11:00:19         PAGE 13


LOC  OBJECT CODE     LINE SOURCE TEXT
  VALUE

0145   1024           00386         BCF     AMPM,0
0146   1C03           00387         BTFSS   STATUS,C
0147   1424           00388         BSF     AMPM,0
                      00389         
                      00390 
0148   10A4           00391         BCF     AMPM,1
0149   085D           00392         MOVF    Hora,W
014A   3C20           00393         SUBLW   0x20                    ; Se deteca si la hora es 20 o 21
014B   1903           00394         BTFSC   STATUS,Z
014C   14A4           00395         BSF     AMPM,1
014D   085D           00396         MOVF    Hora,W
014E   3C21           00397         SUBLW   0x21                    
014F   1903           00398         BTFSC   STATUS,Z
0150   14A4           00399         BSF     AMPM,1
                      00400         
                      00401 
0151   085D           00402         MOVF    Hora,W                  ; Para saber si es mayor a 12
0152   3C12           00403         SUBLW   0x12                    ; L - W, desde las 13 se restan 12
0153   1124           00404         BCF     AMPM,2                  ; Bit 2 de AMPM indica si es mayor a 12
0154   1C03           00405         BTFSS   STATUS,C
0155   1524           00406         BSF     AMPM,2
                      00407 
0156   25ED           00408         CALL    LCD_Linea1
0157   3012           00409         MOVLW   0x12                    ; Se coloca el 12 que se va a restar en W
0158   18A4           00410         BTFSC   AMPM,1
0159   3018           00411         MOVLW   0x18                    ; Si Hora es 20 o 21 se coloca 0x28 para restar
015A   1924           00412         BTFSC   AMPM,2                  
015B   02DD           00413         SUBWF   Hora,F                  ; Si es mayor de 12 se resta
015C   085D           00414         MOVF    Hora,W                  ; Si no mayor solo se pasa
015D   1903           00415         BTFSC   STATUS,Z
015E   3E12           00416         ADDLW   0x12                    ; Si es cero se suman 12
015F   2637           00417         CALL    LCD_Byte                ; Se publica la hora
                      00418 
0160   3008           00419         MOVLW   b'00001000'
0161   06A4           00420         XORWF   AMPM,F
0162   303A           00421         MOVLW   ':'
0163   19A4           00422         BTFSC   AMPM,3
0164   303A           00423         MOVLW   ':'     
0165   2606           00424         CALL    LCD_Caracter
                      00425 
0166   085E           00426         MOVF    Minuto,W
0167   263F           00427         CALL    LCD_ByteCompleto
                      00428 
0168   303A           00429         MOVLW   ':'     
0169   2606           00430         CALL    LCD_Caracter
                      00431 
016A   085F           00432         MOVF    Segundo,W
016B   263F           00433         CALL    LCD_ByteCompleto
                      00434 
                      00435 
                      00436 
016C   3041           00437         MOVLW   'A'
016D   1824           00438         BTFSC   AMPM,0
MPASM  5.42                       RELOJMA.ASM   9-28-2014  11:00:19         PAGE 14


LOC  OBJECT CODE     LINE SOURCE TEXT
  VALUE

016E   3050           00439         MOVLW   'P'
016F   2606           00440         CALL    LCD_Caracter
0170   304D           00441         MOVLW   'M'
0171   2606           00442         CALL    LCD_Caracter
                      00443 
0172   3020           00444         MOVLW   ' '
0173   2606           00445         CALL    LCD_Caracter
                      00446 
0174   302D           00447         MOVLW   '-'
0175   2606           00448         CALL    LCD_Caracter
                      00449 
0176   3020           00450         MOVLW   ' '
0177   2606           00451         CALL    LCD_Caracter
                      00452 
                      00453 
0178   085C           00454         MOVF    DiaSemana,W                     ; Coloca el día de la semana en W
0179   24F3           00455         CALL    MENDIA                          ; Publica el día de la semana de W
                      00456 
                      00457 
                      00458 
017A   25EF           00459         CALL    LCD_Linea2
                      00460         
017B   3050           00461         MOVLW   'P'     
017C   2606           00462         CALL    LCD_Caracter
017D   3052           00463         MOVLW   'R'     
017E   2606           00464         CALL    LCD_Caracter
017F   304F           00465         MOVLW   'O'     
0180   2606           00466         CALL    LCD_Caracter
0181   3058           00467         MOVLW   'X'     
0182   2606           00468         CALL    LCD_Caracter
                      00469 
                      00470 
0183   307E           00471         MOVLW   0x7E                            ; Imprime flecha a la derecha
0184   2606           00472         CALL    LCD_Caracter
                      00473 
0185   08B1           00474         MOVF    NALARMACERCANA,F
0186   1D03           00475         BTFSS   STATUS,Z
0187   298A           00476         GOTO    ARELOJ2
                      00477         
0188   23EA           00478         CALL    MRINGOFF
0189   29B5           00479         GOTO    ARELOJ3
                      00480 
                      00481         
                      00482 
018A                  00483 ARELOJ2 
                      00484 
018A   0828           00485         MOVF    HORAALARMA,W
018B   3C11           00486         SUBLW   0x11                    ; L - W, desde las 12 ya son PM
018C   12A4           00487         BCF     AMPM,5
018D   1C03           00488         BTFSS   STATUS,C
018E   16A4           00489         BSF     AMPM,5
                      00490 
018F   1324           00491         BCF     AMPM,6
MPASM  5.42                       RELOJMA.ASM   9-28-2014  11:00:19         PAGE 15


LOC  OBJECT CODE     LINE SOURCE TEXT
  VALUE

0190   0828           00492         MOVF    HORAALARMA,W
0191   3C20           00493         SUBLW   0x20                    ; Se deteca si la hora es 20 o 21
0192   1903           00494         BTFSC   STATUS,Z
0193   1724           00495         BSF     AMPM,6
0194   0828           00496         MOVF    HORAALARMA,W
0195   3C21           00497         SUBLW   0x21                    
0196   1903           00498         BTFSC   STATUS,Z
0197   1724           00499         BSF     AMPM,6
                      00500         
0198   0828           00501         MOVF    HORAALARMA,W
0199   3C12           00502         SUBLW   0x12                    ; L - W, desde las 13 se restan 12
019A   13A4           00503         BCF     AMPM,7                  ; Bit 2 de AMPM indica si es mayor a 12
019B   1C03           00504         BTFSS   STATUS,C
019C   17A4           00505         BSF     AMPM,7
                      00506 
019D   3012           00507         MOVLW   0x12                    ; Se coloca el 12 que se va a restar en W
019E   1B24           00508         BTFSC   AMPM,6
019F   3018           00509         MOVLW   0x18                    ; Si Hora es 20 o 21 se coloca 0x28 para restar
01A0   1BA4           00510         BTFSC   AMPM,7                  
01A1   0228           00511         SUBWF   HORAALARMA,W            ; Si es mayor de 12 se resta
01A2   1FA4           00512         BTFSS   AMPM,7  
01A3   0828           00513         MOVF    HORAALARMA,W            ; Si no mayor solo se pasa
01A4   1903           00514         BTFSC   STATUS,Z
01A5   3E12           00515         ADDLW   0x12                    ; Si es cero se suman 12
01A6   2637           00516         CALL    LCD_Byte                ; Se publica la hora
                      00517 
01A7   303A           00518         MOVLW   ':'     
01A8   2606           00519         CALL    LCD_Caracter
01A9   0829           00520         MOVF    MINUTOALARMA,W
01AA   263F           00521         CALL    LCD_ByteCompleto
01AB   3041           00522         MOVLW   'A'
01AC   1AA4           00523         BTFSC   AMPM,5
01AD   3050           00524         MOVLW   'P'
01AE   2606           00525         CALL    LCD_Caracter
01AF   304D           00526         MOVLW   'M'
01B0   2606           00527         CALL    LCD_Caracter
                      00528 
                      00529 
01B1   302D           00530         MOVLW   '-'
01B2   2606           00531         CALL    LCD_Caracter
01B3   082A           00532         MOVF    DIAALARMA,W                     
01B4   24F3           00533         CALL    MENDIA
                      00534 
01B5                  00535 ARELOJ3
01B5   0839           00536         MOVF    TEMPHORA,W
01B6   00DD           00537         MOVWF   Hora
                      00538         
01B7   0008           00539         RETURN
                      00540 
                      00541 
                      00542 
                      00543 ; SUBRUTINA FIJAR RELOJ ********************************************************************************
                            *********
MPASM  5.42                       RELOJMA.ASM   9-28-2014  11:00:19         PAGE 16


LOC  OBJECT CODE     LINE SOURCE TEXT
  VALUE

                      00544 
                      00545 
01B8                  00546 FIJARRELOJ
01B8   26A7           00547         CALL    LCD_Borra
01B9   2139           00548         CALL    ARELOJ
01BA   25ED           00549         CALL    LCD_Linea1
01BB   25F7           00550         CALL    LCD_CursorON
                      00551 
                      00552 
01BC   3001           00553         MOVLW   d'1'
01BD   205D           00554         CALL    Teclado_Leemax
01BE   2644           00555         CALL    LCD_Nibble
01BF   00DD           00556         MOVWF   Hora
01C0   0EDD           00557         SWAPF   Hora,F
01C1   3009           00558         MOVLW   d'9'
01C2   205D           00559         CALL    Teclado_Leemax
01C3   2644           00560         CALL    LCD_Nibble
01C4   390F           00561         ANDLW   b'00001111'
01C5   07DD           00562         ADDWF   Hora,F
                      00563 
01C6   303A           00564         MOVLW   ':'     
01C7   2606           00565         CALL    LCD_Caracter
01C8   3005           00566         MOVLW   d'5'
01C9   205D           00567         CALL    Teclado_Leemax
01CA   2644           00568         CALL    LCD_Nibble
01CB   00DE           00569         MOVWF   Minuto
01CC   0EDE           00570         SWAPF   Minuto,F
01CD   3009           00571         MOVLW   d'9'
01CE   205D           00572         CALL    Teclado_Leemax
01CF   2644           00573         CALL    LCD_Nibble
01D0   390F           00574         ANDLW   b'00001111'
01D1   07DE           00575         ADDWF   Minuto,F
                      00576 
01D2   303A           00577         MOVLW   ':'     
01D3   2606           00578         CALL    LCD_Caracter
01D4   3005           00579         MOVLW   d'5'
01D5   205D           00580         CALL    Teclado_Leemax
01D6   2644           00581         CALL    LCD_Nibble
01D7   00DF           00582         MOVWF   Segundo
01D8   0EDF           00583         SWAPF   Segundo,F
01D9   3009           00584         MOVLW   d'9'
01DA   205D           00585         CALL    Teclado_Leemax
01DB   2644           00586         CALL    LCD_Nibble
01DC   390F           00587         ANDLW   b'00001111'
01DD   07DF           00588         ADDWF   Segundo,F
                      00589 
                      00590 
                      00591 
01DE                  00592 FIJARRELOJ1
01DE   3008           00593         MOVLW   0x08
01DF   25F1           00594         CALL    LCD_PosicionLinea1
01E0   3041           00595         MOVLW   'A'
01E1   1824           00596         BTFSC   AMPM,0
MPASM  5.42                       RELOJMA.ASM   9-28-2014  11:00:19         PAGE 17


LOC  OBJECT CODE     LINE SOURCE TEXT
  VALUE

01E2   3050           00597         MOVLW   'P'
01E3   2606           00598         CALL    LCD_Caracter
01E4   304D           00599         MOVLW   'M'
01E5   2606           00600         CALL    LCD_Caracter
01E6   3008           00601         MOVLW   0x08
01E7   25F1           00602         CALL    LCD_PosicionLinea1
                      00603 
                      00604 
01E8   2055           00605         CALL    Teclado_LeeHexw
01E9   00A1           00606         MOVWF   DATOTECLA
01EA   3C0D           00607         SUBLW   TABAJO
01EB   3001           00608         MOVLW   b'00000001'
01EC   1903           00609         BTFSC   STATUS,Z
01ED   06A4           00610         XORWF   AMPM,F
                      00611         
01EE   0821           00612         MOVF    DATOTECLA,W
01EF   3C0E           00613         SUBLW   TARRIBA
01F0   3001           00614         MOVLW   b'00000001'
01F1   1903           00615         BTFSC   STATUS,Z
01F2   06A4           00616         XORWF   AMPM,F
                      00617 
01F3   0821           00618         MOVF    DATOTECLA,W
01F4   3C0F           00619         SUBLW   TENTER
01F5   1D03           00620         BTFSS   STATUS,Z
01F6   29DE           00621         GOTO    FIJARRELOJ1
                      00622 
                      00623 
01F7   085D           00624         MOVF    Hora,W                  ; Se detecta si se introdujo las horas 12
01F8   3C12           00625         SUBLW   0x12
01F9   1D03           00626         BTFSS   STATUS,Z
01FA   2A00           00627         GOTO    FIJARRELOJN             ; Si no es así salta
01FB   3012           00628         MOVLW   0x12                    ; Si es así mira los casos de AM y PM que son
01FC   00DD           00629         MOVWF   Hora                    ; especiales
01FD   1C24           00630         BTFSS   AMPM,0
01FE   01DD           00631         CLRF    Hora
01FF   2A0E           00632         GOTO    FIJARRELOJFECHA
                      00633         
                      00634 
0200                  00635 FIJARRELOJN
                      00636 
0200   10A4           00637         BCF     AMPM,1                  ; Se mira si la hora es 9 u 8, si es así hay que sumar
0201   085D           00638         MOVF    Hora,W                  ; 0x18 para convertir en 24HRS si no hay que sumar 0x12
0202   3C09           00639         SUBLW   0x09            
0203   1903           00640         BTFSC   STATUS,Z
0204   14A4           00641         BSF     AMPM,1
0205   085D           00642         MOVF    Hora,W
0206   3C08           00643         SUBLW   0x08            
0207   1903           00644         BTFSC   STATUS,Z
0208   14A4           00645         BSF     AMPM,1
                      00646 
0209   3012           00647         MOVLW   0x12
020A   18A4           00648         BTFSC   AMPM,1
020B   3018           00649         MOVLW   0x18
MPASM  5.42                       RELOJMA.ASM   9-28-2014  11:00:19         PAGE 18


LOC  OBJECT CODE     LINE SOURCE TEXT
  VALUE

                      00650 
020C   1824           00651         BTFSC   AMPM,0
020D   07DD           00652         ADDWF   Hora,F
                      00653 
                      00654 
020E                  00655 FIJARRELOJFECHA
                      00656 
020E   3001           00657         MOVLW   0x01
020F   00DB           00658         MOVWF   Dia
0210   3001           00659         MOVLW   0x01
0211   00DA           00660         MOVWF   Mes
0212   3001           00661         MOVLW   0x01
0213   00D9           00662         MOVWF   Anho
                      00663 
                      00664 
                      00665         
0214                  00666 FIJARDIASEM
0214   300B           00667         MOVLW   0x0B
0215   25F1           00668         CALL    LCD_PosicionLinea1
                      00669 
0216   302D           00670         MOVLW   '-'
0217   2606           00671         CALL    LCD_Caracter
0218   3020           00672         MOVLW   ' '
0219   2606           00673         CALL    LCD_Caracter
                      00674 
                      00675 
021A   085C           00676         MOVF    DiaSemana,W                     ; Coloca el día de la semana en W
021B   24F3           00677         CALL    MENDIA                          ; Publica el día de la semana de W
021C   300D           00678         MOVLW   0x0D
021D   25F1           00679         CALL    LCD_PosicionLinea1
021E   2055           00680         CALL    Teclado_LeeHexw
021F   00A1           00681         MOVWF   DATOTECLA
0220   3C0D           00682         SUBLW   TABAJO
0221   1903           00683         BTFSC   STATUS,Z
0222   2230           00684         CALL    INCDIASEM
                      00685         
0223   0821           00686         MOVF    DATOTECLA,W
0224   3C0E           00687         SUBLW   TARRIBA
0225   1903           00688         BTFSC   STATUS,Z
0226   2236           00689         CALL    DECDIASEM
                      00690         
0227   0821           00691         MOVF    DATOTECLA,W
0228   3C0F           00692         SUBLW   TENTER
0229   1D03           00693         BTFSS   STATUS,Z
022A   2A14           00694         GOTO    FIJARDIASEM
                      00695         
022B   0064           00696         CLRWDT
                      00697 
022C   2782           00698         CALL    DS1307_Escribe
022D   25F9           00699         CALL    LCD_CursorOFF
022E   0064           00700         CLRWDT
                      00701 
022F   0008           00702         RETURN
MPASM  5.42                       RELOJMA.ASM   9-28-2014  11:00:19         PAGE 19


LOC  OBJECT CODE     LINE SOURCE TEXT
  VALUE

                      00703 
                      00704         
                      00705 
                      00706 
                      00707 
                      00708 ; SUBRUTINAS NUMERO DIASEMANA **************************************************************************
                            **************
0230                  00709 INCDIASEM
0230   0ADC           00710         INCF    DiaSemana,F
0231   3008           00711         MOVLW   0x08
0232   025C           00712         SUBWF   DiaSemana,W
0233   1903           00713         BTFSC   STATUS,Z
0234   223C           00714         CALL    RESTDIASEM
0235   0008           00715         RETURN
                      00716 
0236                  00717 DECDIASEM
0236   03DC           00718         DECF    DiaSemana,F
0237   1D03           00719         BTFSS   STATUS,Z
0238   0008           00720         RETURN
0239   3007           00721         MOVLW   0x07
023A   00DC           00722         MOVWF   DiaSemana
023B   0008           00723         RETURN
                      00724 
023C                  00725 RESTDIASEM
023C   3001           00726         MOVLW   0x01
023D   00DC           00727         MOVWF   DiaSemana       
023E   0008           00728         RETURN
                      00729 
                      00730 
                      00731 ; SUBRUTINAS FIJAR ALARMAS *****************************************************************************
                            ***********
023F                  00732 FIJARALARMAS
023F   01AB           00733         CLRF    VTIPOHORARIO
0240   0AAB           00734         INCF    VTIPOHORARIO,F
                      00735 
0241                  00736 FIJARALARMASH
0241   26A7           00737         CALL    LCD_Borra
0242   25ED           00738         CALL    LCD_Linea1
0243   25F7           00739         CALL    LCD_CursorON
0244   2419           00740         CALL    MENSAJEHORARIO
                      00741 
0245   082B           00742         MOVF    VTIPOHORARIO,W
0246   2644           00743         CALL    LCD_Nibble
                      00744         
0247   3008           00745         MOVLW   d'8'
0248   25F1           00746         CALL    LCD_PosicionLinea1      ; Para que el cursor se muestre en la liena 3
                      00747         
0249   2055           00748         CALL    Teclado_LeeHexw
024A   00A1           00749         MOVWF   DATOTECLA
024B   3C0D           00750         SUBLW   TABAJO
024C   1903           00751         BTFSC   STATUS,Z
024D   2257           00752         CALL    INCVTIPOHORARIOFA
                      00753         
MPASM  5.42                       RELOJMA.ASM   9-28-2014  11:00:19         PAGE 20


LOC  OBJECT CODE     LINE SOURCE TEXT
  VALUE

024E   0821           00754         MOVF    DATOTECLA,W
024F   3C0E           00755         SUBLW   TARRIBA
0250   1903           00756         BTFSC   STATUS,Z
0251   225D           00757         CALL    DECVTIPOHORARIOFA
                      00758 
0252   0821           00759         MOVF    DATOTECLA,W
0253   3C0F           00760         SUBLW   TENTER
0254   1D03           00761         BTFSS   STATUS,Z
0255   2A41           00762         GOTO    FIJARALARMASH   
0256   2A65           00763         GOTO    FIJARALARMAS1   
                      00764 
                      00765         
0257                  00766 INCVTIPOHORARIOFA
0257   0AAB           00767         INCF    VTIPOHORARIO,F
0258   3005           00768         MOVLW   0x05
0259   022B           00769         SUBWF   VTIPOHORARIO,W
025A   1903           00770         BTFSC   STATUS,Z
025B   2262           00771         CALL    RESVTIPOHORARIOFA
025C   0008           00772         RETURN
                      00773 
025D                  00774 DECVTIPOHORARIOFA
025D   0BAB           00775         DECFSZ  VTIPOHORARIO,F
025E   0008           00776         RETURN
025F   3004           00777         MOVLW   0x04
0260   00AB           00778         MOVWF   VTIPOHORARIO
0261   0008           00779         RETURN
                      00780 
0262                  00781 RESVTIPOHORARIOFA
0262   01AB           00782         CLRF    VTIPOHORARIO
0263   0AAB           00783         INCF    VTIPOHORARIO,F
0264   0008           00784         RETURN
                      00785 
                      00786 
                      00787 
0265                  00788 FIJARALARMAS1
0265   25F9           00789         CALL    LCD_CursorOFF
0266   01A5           00790         CLRF    NALARMA
0267   0AA5           00791         INCF    NALARMA,F
                      00792 
0268                  00793 FIJARALARMAS1A
0268   26A7           00794         CALL    LCD_Borra
0269   25ED           00795         CALL    LCD_Linea1
026A   242A           00796         CALL    MALARMAN
026B   0825           00797         MOVF    NALARMA,W
                      00798         
026C   158A           00799         BSF     PCLATH,3                        ; Configura al PCLAHT para ir a la segunda página
026D   120A           00800         BCF     PCLATH,4                        ; " " 
Message[306]: Crossing page boundary -- ensure page bits are set.
026E   2100           00801         CALL    BINAD99
026F   018A           00802         CLRF    PCLATH                          ; Limpia al PCLAHT para estar en la primera página 
                      00803 
0270   263F           00804         CALL    LCD_ByteCompleto
0271   302D           00805         MOVLW   '-'
MPASM  5.42                       RELOJMA.ASM   9-28-2014  11:00:19         PAGE 21


LOC  OBJECT CODE     LINE SOURCE TEXT
  VALUE

0272   2606           00806         CALL    LCD_Caracter
0273   3048           00807         MOVLW   'H'
0274   2606           00808         CALL    LCD_Caracter
0275   082B           00809         MOVF    VTIPOHORARIO,W
0276   2644           00810         CALL    LCD_Nibble
                      00811 
0277   082B           00812         MOVF    VTIPOHORARIO,W                  ; Mueve Vtipodehorario a contador
0278   00A7           00813         MOVWF   CONTADOR                        
0279   0825           00814         MOVF    NALARMA,W                       ; Guarda NALARMA en NALARMAP
027A   00A6           00815         MOVWF   NALARMAP
                      00816         
027B                  00817 FIJARALARMAS1B                                  
027B   0BA7           00818         DECFSZ  CONTADOR,F                      ; Si VTIPODEHORARIO es 1 NALARMAP=NARALMA
027C   2A7E           00819         GOTO    FIJARALARMAS1BB
027D   2A81           00820         GOTO    FIJARALARMAS1C                  ; Si no es uno NALARMAP=NALARMA+VTIPODEHORARIO*30
027E                  00821 FIJARALARMAS1BB 
027E   301E           00822         MOVLW   d'30'
027F   07A6           00823         ADDWF   NALARMAP,F
0280   2A7B           00824         GOTO    FIJARALARMAS1B
                      00825         
0281                  00826 FIJARALARMAS1C
0281   0826           00827         MOVF    NALARMAP,W
0282   1003           00828         BCF     STATUS,C
0283   0D26           00829         RLF     NALARMAP,W                      ; Multiplica NALARMAP por 2 y lo pasa a W
0284   2797           00830         CALL    EEDIR
0285   279D           00831         CALL    EELEER
0286   00AE           00832         MOVWF   TIPOTIMBRE
0287   393F           00833         ANDLW   b'00111111'
0288   00A8           00834         MOVWF   HORAALARMA
0289   1003           00835         BCF     STATUS,C
028A   0D26           00836         RLF     NALARMAP,W                      ; Multiplica NALARMAP por 2 le suma 1 y lo pasa a W
028B   3E01           00837         ADDLW   0x01
028C   2797           00838         CALL    EEDIR
028D   279D           00839         CALL    EELEER
028E   00AD           00840         MOVWF   ESTADOALARMA
028F   397F           00841         ANDLW   b'01111111'
0290   00A9           00842         MOVWF   MINUTOALARMA
0291   082E           00843         MOVF    TIPOTIMBRE,W
0292   2511           00844         CALL    ROTAR6D
0293   00AE           00845         MOVWF   TIPOTIMBRE
                      00846 
                      00847 
0294   25EF           00848         CALL    LCD_Linea2
0295   0828           00849         MOVF    HORAALARMA,W
0296   3C11           00850         SUBLW   0x11                    ; L - W, desde las 12 ya son PM
0297   1024           00851         BCF     AMPM,0
0298   1C03           00852         BTFSS   STATUS,C
0299   1424           00853         BSF     AMPM,0
                      00854         
                      00855 
029A   10A4           00856         BCF     AMPM,1
029B   0828           00857         MOVF    HORAALARMA,W
029C   3C20           00858         SUBLW   0x20                    ; Se deteca si la hora es 20 o 21
MPASM  5.42                       RELOJMA.ASM   9-28-2014  11:00:19         PAGE 22


LOC  OBJECT CODE     LINE SOURCE TEXT
  VALUE

029D   1903           00859         BTFSC   STATUS,Z
029E   14A4           00860         BSF     AMPM,1
029F   0828           00861         MOVF    HORAALARMA,W
02A0   3C21           00862         SUBLW   0x21                    
02A1   1903           00863         BTFSC   STATUS,Z
02A2   14A4           00864         BSF     AMPM,1
                      00865         
                      00866 
02A3   0828           00867         MOVF    HORAALARMA,W
02A4   3C12           00868         SUBLW   0x12                    ; L - W, desde las 13 se restan 12
02A5   1124           00869         BCF     AMPM,2                  ; Bit 2 de AMPM indica si es mayor a 12
02A6   1C03           00870         BTFSS   STATUS,C
02A7   1524           00871         BSF     AMPM,2
                      00872 
02A8   3012           00873         MOVLW   0x12                    ; Se coloca el 12 que se va a restar en W
02A9   18A4           00874         BTFSC   AMPM,1
02AA   3018           00875         MOVLW   0x18                    ; Si Hora es 20 o 21 se coloca 0x28 para restar
02AB   1924           00876         BTFSC   AMPM,2                  
02AC   02A8           00877         SUBWF   HORAALARMA,F            ; Si es mayor de 12 se resta
02AD   0828           00878         MOVF    HORAALARMA,W            ; Si no mayor solo se pasa
02AE   1903           00879         BTFSC   STATUS,Z
02AF   3E12           00880         ADDLW   0x12                    ; Si es cero se suman 12
02B0   2637           00881         CALL    LCD_Byte                ; Se publica la hora
                      00882 
02B1   303A           00883         MOVLW   ':'     
02B2   2606           00884         CALL    LCD_Caracter
02B3   0829           00885         MOVF    MINUTOALARMA,W
02B4   263F           00886         CALL    LCD_ByteCompleto
02B5   3041           00887         MOVLW   'A'
02B6   1824           00888         BTFSC   AMPM,0
02B7   3050           00889         MOVLW   'P'
02B8   2606           00890         CALL    LCD_Caracter
02B9   304D           00891         MOVLW   'M'
02BA   2606           00892         CALL    LCD_Caracter
                      00893 
02BB   3020           00894         MOVLW   ' '
02BC   2606           00895         CALL    LCD_Caracter
02BD   237D           00896         CALL    ACTTIPOTIMBRE
                      00897 
02BE   3020           00898         MOVLW   ' '
02BF   2606           00899         CALL    LCD_Caracter
02C0   1BAD           00900         BTFSC   ESTADOALARMA,7
02C1   2412           00901         CALL    MENSAJEON
02C2   1FAD           00902         BTFSS   ESTADOALARMA,7
02C3   240B           00903         CALL    MENSAJEOFF
                      00904         
02C4   2055           00905         CALL    Teclado_LeeHexw
02C5   00A1           00906         MOVWF   DATOTECLA
02C6   3C0D           00907         SUBLW   TABAJO
02C7   1903           00908         BTFSC   STATUS,Z
02C8   2360           00909         CALL    INCNALARMA
                      00910         
02C9   0821           00911         MOVF    DATOTECLA,W
MPASM  5.42                       RELOJMA.ASM   9-28-2014  11:00:19         PAGE 23


LOC  OBJECT CODE     LINE SOURCE TEXT
  VALUE

02CA   3C0E           00912         SUBLW   TARRIBA
02CB   1903           00913         BTFSC   STATUS,Z
02CC   2366           00914         CALL    DECNALARMA
                      00915         
02CD   0821           00916         MOVF    DATOTECLA,W
02CE   3C0F           00917         SUBLW   TENTER
02CF   1903           00918         BTFSC   STATUS,Z
02D0   22D6           00919         CALL    FIJARUNAALARMA
                      00920         
02D1   0821           00921         MOVF    DATOTECLA,W
02D2   3C0C           00922         SUBLW   TMENU
02D3   1D03           00923         BTFSS   STATUS,Z
02D4   2A68           00924         GOTO    FIJARALARMAS1A
                      00925         
02D5   0008           00926         RETURN
                      00927 
                      00928         
                      00929 
02D6                  00930 FIJARUNAALARMA
02D6   25EF           00931         CALL    LCD_Linea2
02D7   25F7           00932         CALL    LCD_CursorON
                      00933 
                      00934 
02D8   3001           00935         MOVLW   d'1'
02D9   205D           00936         CALL    Teclado_Leemax
02DA   2644           00937         CALL    LCD_Nibble
02DB   00A8           00938         MOVWF   HORAALARMA
02DC   0EA8           00939         SWAPF   HORAALARMA,F
02DD   3009           00940         MOVLW   d'9'
02DE   205D           00941         CALL    Teclado_Leemax
02DF   2644           00942         CALL    LCD_Nibble
02E0   390F           00943         ANDLW   b'00001111'
02E1   07A8           00944         ADDWF   HORAALARMA,F
02E2   303A           00945         MOVLW   ':'     
02E3   2606           00946         CALL    LCD_Caracter
02E4   3005           00947         MOVLW   d'5'
02E5   205D           00948         CALL    Teclado_Leemax
02E6   2644           00949         CALL    LCD_Nibble
02E7   00A9           00950         MOVWF   MINUTOALARMA
02E8   0EA9           00951         SWAPF   MINUTOALARMA,F
02E9   3009           00952         MOVLW   d'9'
02EA   205D           00953         CALL    Teclado_Leemax
02EB   2644           00954         CALL    LCD_Nibble
02EC   390F           00955         ANDLW   b'00001111'
02ED   07A9           00956         ADDWF   MINUTOALARMA,F
                      00957 
02EE                  00958 FIJARUNAALARMA1A
02EE   3005           00959         MOVLW   0x05
02EF   25F3           00960         CALL    LCD_PosicionLinea2                      
02F0   3041           00961         MOVLW   'A'
02F1   1824           00962         BTFSC   AMPM,0
02F2   3050           00963         MOVLW   'P'
02F3   2606           00964         CALL    LCD_Caracter
MPASM  5.42                       RELOJMA.ASM   9-28-2014  11:00:19         PAGE 24


LOC  OBJECT CODE     LINE SOURCE TEXT
  VALUE

02F4   304D           00965         MOVLW   'M'
02F5   2606           00966         CALL    LCD_Caracter
02F6   3005           00967         MOVLW   0x05
02F7   25F3           00968         CALL    LCD_PosicionLinea2                      
                      00969 
                      00970 
02F8   2055           00971         CALL    Teclado_LeeHexw
02F9   00A1           00972         MOVWF   DATOTECLA
02FA   3C0D           00973         SUBLW   TABAJO
02FB   3001           00974         MOVLW   b'00000001'
02FC   1903           00975         BTFSC   STATUS,Z
02FD   06A4           00976         XORWF   AMPM,F
                      00977         
02FE   0821           00978         MOVF    DATOTECLA,W
02FF   3C0E           00979         SUBLW   TARRIBA
0300   3001           00980         MOVLW   b'00000001'
0301   1903           00981         BTFSC   STATUS,Z
0302   06A4           00982         XORWF   AMPM,F
                      00983 
0303   0821           00984         MOVF    DATOTECLA,W
0304   3C0F           00985         SUBLW   TENTER
0305   1D03           00986         BTFSS   STATUS,Z
0306   2AEE           00987         GOTO    FIJARUNAALARMA1A
                      00988 
0307   3007           00989         MOVLW   0x07
0308   25F3           00990         CALL    LCD_PosicionLinea2                      
                      00991 
0309   3020           00992         MOVLW   ' '
030A   2606           00993         CALL    LCD_Caracter
                      00994 
030B                  00995 FIJARUNAALARMA1
030B   3008           00996         MOVLW   0x08
030C   25F3           00997         CALL    LCD_PosicionLinea2                      
030D   237D           00998         CALL    ACTTIPOTIMBRE
030E   3008           00999         MOVLW   0x08
030F   25F3           01000         CALL    LCD_PosicionLinea2                      
                      01001 
                      01002 
0310   2055           01003         CALL    Teclado_LeeHexw
0311   00A1           01004         MOVWF   DATOTECLA
0312   3C0D           01005         SUBLW   TABAJO
0313   1903           01006         BTFSC   STATUS,Z
0314   236F           01007         CALL    INCTIPOTIMBRE
                      01008         
0315   0821           01009         MOVF    DATOTECLA,W
0316   3C0E           01010         SUBLW   TARRIBA
0317   1903           01011         BTFSC   STATUS,Z
0318   2375           01012         CALL    DECTIPOTIMBRE
                      01013 
0319   0821           01014         MOVF    DATOTECLA,W
031A   3C0F           01015         SUBLW   TENTER
031B   1D03           01016         BTFSS   STATUS,Z
031C   2B0B           01017         GOTO    FIJARUNAALARMA1
MPASM  5.42                       RELOJMA.ASM   9-28-2014  11:00:19         PAGE 25


LOC  OBJECT CODE     LINE SOURCE TEXT
  VALUE

                      01018 
                      01019 
031D                  01020 FIJARUNAALARMA2
031D   300C           01021         MOVLW   0x0C
031E   25F3           01022         CALL    LCD_PosicionLinea2
031F   1BAD           01023         BTFSC   ESTADOALARMA,7
0320   2412           01024         CALL    MENSAJEON
0321   1FAD           01025         BTFSS   ESTADOALARMA,7
0322   240B           01026         CALL    MENSAJEOFF
0323   300C           01027         MOVLW   0x0C
0324   25F3           01028         CALL    LCD_PosicionLinea2
                      01029 
                      01030 
0325   2055           01031         CALL    Teclado_LeeHexw
0326   00A1           01032         MOVWF   DATOTECLA
0327   3C0D           01033         SUBLW   TABAJO
0328   3080           01034         MOVLW   b'10000000'
0329   1903           01035         BTFSC   STATUS,Z
032A   06AD           01036         XORWF   ESTADOALARMA,F
                      01037         
032B   0821           01038         MOVF    DATOTECLA,W
032C   3C0E           01039         SUBLW   TARRIBA
032D   3080           01040         MOVLW   b'10000000'
032E   1903           01041         BTFSC   STATUS,Z
032F   06AD           01042         XORWF   ESTADOALARMA,F
                      01043 
0330   0821           01044         MOVF    DATOTECLA,W
0331   3C0F           01045         SUBLW   TENTER
0332   1D03           01046         BTFSS   STATUS,Z
0333   2B1D           01047         GOTO    FIJARUNAALARMA2
                      01048 
                      01049 
0334   0828           01050         MOVF    HORAALARMA,W            ; Se detecta si se introdujo las horas 12
0335   3C12           01051         SUBLW   0x12
0336   1D03           01052         BTFSS   STATUS,Z
0337   2B3D           01053         GOTO    FIJARUNAALARMAN         ; Si no es así salta
0338   3012           01054         MOVLW   0x12                    ; Si es así mira los casos de AM y PM que son
0339   00A8           01055         MOVWF   HORAALARMA              ; especiales
033A   1C24           01056         BTFSS   AMPM,0
033B   01A8           01057         CLRF    HORAALARMA
033C   2B4B           01058         GOTO    FIJARUNAALARMAFIN
                      01059         
                      01060 
033D                  01061 FIJARUNAALARMAN
                      01062 
033D   10A4           01063         BCF     AMPM,1                  ; Se mira si la hora es 9 u 8, si es así hay que sumar
033E   0828           01064         MOVF    HORAALARMA,W                    ; 0x18 para convertir en 24HRS si no hay que sumar 0x12
033F   3C09           01065         SUBLW   0x09            
0340   1903           01066         BTFSC   STATUS,Z
0341   14A4           01067         BSF     AMPM,1
0342   0828           01068         MOVF    HORAALARMA,W
0343   3C08           01069         SUBLW   0x08            
0344   1903           01070         BTFSC   STATUS,Z
MPASM  5.42                       RELOJMA.ASM   9-28-2014  11:00:19         PAGE 26


LOC  OBJECT CODE     LINE SOURCE TEXT
  VALUE

0345   14A4           01071         BSF     AMPM,1
                      01072 
0346   3012           01073         MOVLW   0x12
0347   18A4           01074         BTFSC   AMPM,1
0348   3018           01075         MOVLW   0x18
                      01076 
0349   1824           01077         BTFSC   AMPM,0
034A   07A8           01078         ADDWF   HORAALARMA,F
                      01079 
034B                  01080 FIJARUNAALARMAFIN
034B   0826           01081         MOVF    NALARMAP,W
034C   1003           01082         BCF     STATUS,C
034D   0D26           01083         RLF     NALARMAP,W
034E   2797           01084         CALL    EEDIR
                      01085 
034F   303F           01086         MOVLW   b'00111111'
0350   05A8           01087         ANDWF   HORAALARMA,F
0351   082E           01088         MOVF    TIPOTIMBRE,W
0352   251A           01089         CALL    ROTAR6I
0353   0728           01090         ADDWF   HORAALARMA,W
0354   27A8           01091         CALL    EEESCRIBIR
0355   1003           01092         BCF     STATUS,C
0356   0D26           01093         RLF     NALARMAP,W
0357   3E01           01094         ADDLW   0x01
0358   2797           01095         CALL    EEDIR
                      01096         
0359   0829           01097         MOVF    MINUTOALARMA,W
035A   397F           01098         ANDLW   b'01111111'
035B   1BAD           01099         BTFSC   ESTADOALARMA,7
035C   3E80           01100         ADDLW   b'10000000'
035D   27A8           01101         CALL    EEESCRIBIR
035E   25F9           01102         CALL    LCD_CursorOFF
035F   0008           01103         RETURN
                      01104 
                      01105 
                      01106         
                      01107 
0360                  01108 INCNALARMA
0360   0AA5           01109         INCF    NALARMA,F
0361   301F           01110         MOVLW   d'31'
0362   0225           01111         SUBWF   NALARMA,W
0363   1903           01112         BTFSC   STATUS,Z
0364   236C           01113         CALL    RESTNALARMA
0365   0008           01114         RETURN
                      01115 
0366                  01116 DECNALARMA
0366   03A5           01117         DECF    NALARMA,F
0367   1D03           01118         BTFSS   STATUS,Z
0368   0008           01119         RETURN
0369   301E           01120         MOVLW   d'30'
036A   00A5           01121         MOVWF   NALARMA
036B   0008           01122         RETURN
                      01123 
MPASM  5.42                       RELOJMA.ASM   9-28-2014  11:00:19         PAGE 27


LOC  OBJECT CODE     LINE SOURCE TEXT
  VALUE

036C                  01124 RESTNALARMA
036C   3001           01125         MOVLW   0x01
036D   00A5           01126         MOVWF   NALARMA
036E   0008           01127         RETURN
                      01128 
                      01129 
                      01130 ; SUBRUTINAS TIPO TIMBRE *******************************************************************************
                            ***********
                      01131 
036F                  01132 INCTIPOTIMBRE
036F   0AAE           01133         INCF    TIPOTIMBRE,F
0370   3004           01134         MOVLW   d'4'
0371   022E           01135         SUBWF   TIPOTIMBRE,W
0372   1903           01136         BTFSC   STATUS,Z
0373   01AE           01137         CLRF    TIPOTIMBRE
0374   0008           01138         RETURN
                      01139 
0375                  01140 DECTIPOTIMBRE
0375   03AE           01141         DECF    TIPOTIMBRE,F
0376   30FF           01142         MOVLW   0xFF
0377   022E           01143         SUBWF   TIPOTIMBRE,W
0378   1D03           01144         BTFSS   STATUS,Z
0379   0008           01145         RETURN
037A   3003           01146         MOVLW   d'3'
037B   00AE           01147         MOVWF   TIPOTIMBRE
037C   0008           01148         RETURN
                      01149 
                      01150 
                      01151 
037D                  01152 ACTTIPOTIMBRE
037D   082E           01153         MOVF    TIPOTIMBRE,W
037E   1903           01154         BTFSC   STATUS,Z
037F   23EF           01155         CALL    MENSAJE1TC
0380   082E           01156         MOVF    TIPOTIMBRE,W
0381   3C01           01157         SUBLW   0x01
0382   1903           01158         BTFSC   STATUS,Z
0383   23F6           01159         CALL    MENSAJE1TL
0384   082E           01160         MOVF    TIPOTIMBRE,W
0385   3C02           01161         SUBLW   0x02
0386   1903           01162         BTFSC   STATUS,Z
0387   23FD           01163         CALL    MENSAJE2TC
0388   082E           01164         MOVF    TIPOTIMBRE,W
0389   3C03           01165         SUBLW   0x03
038A   1903           01166         BTFSC   STATUS,Z
038B   2404           01167         CALL    MENSAJE3TC
038C   0008           01168         RETURN  
                      01169 
                      01170 
                      01171 ; SUBRUTINAS NUMERO MENU *******************************************************************************
                            *********
038D                  01172 INCNMENU
038D   0AA0           01173         INCF    NMENU,F
038E   3005           01174         MOVLW   0x05
MPASM  5.42                       RELOJMA.ASM   9-28-2014  11:00:19         PAGE 28


LOC  OBJECT CODE     LINE SOURCE TEXT
  VALUE

038F   0220           01175         SUBWF   NMENU,W
0390   1903           01176         BTFSC   STATUS,Z
0391   01A0           01177         CLRF    NMENU
0392   0008           01178         RETURN
                      01179 
0393                  01180 DECNMENU
0393   03A0           01181         DECF    NMENU,F
0394   30FF           01182         MOVLW   0xFF
0395   0220           01183         SUBWF   NMENU,W
0396   1D03           01184         BTFSS   STATUS,Z
0397   0008           01185         RETURN
0398   3004           01186         MOVLW   0x04
0399   00A0           01187         MOVWF   NMENU
039A   0008           01188         RETURN
                      01189 
                      01190 
                      01191 ; ZONA DE ESCRITURA LCD ********************************************************************************
                            ********
                      01192 
                      01193 
039B                  01194 MDURATIMBRES
039B   25EF           01195         CALL    LCD_Linea2
039C   262A           01196         CALL    LCD_LineaEnBlanco
039D   25EF           01197         CALL    LCD_Linea2
039E   3044           01198         MOVLW   'D'
039F   2606           01199         CALL    LCD_Caracter
03A0   3075           01200         MOVLW   'u'
03A1   2606           01201         CALL    LCD_Caracter
03A2   3072           01202         MOVLW   'r'
03A3   2606           01203         CALL    LCD_Caracter
03A4   3061           01204         MOVLW   'a'
03A5   2606           01205         CALL    LCD_Caracter
03A6   302E           01206         MOVLW   '.'
03A7   2606           01207         CALL    LCD_Caracter
03A8   3020           01208         MOVLW   ' '
03A9   2606           01209         CALL    LCD_Caracter
03AA   3054           01210         MOVLW   'T'
03AB   2606           01211         CALL    LCD_Caracter
03AC   3069           01212         MOVLW   'i'
03AD   2606           01213         CALL    LCD_Caracter
03AE   306D           01214         MOVLW   'm'
03AF   2606           01215         CALL    LCD_Caracter
03B0   3062           01216         MOVLW   'b'
03B1   2606           01217         CALL    LCD_Caracter
03B2   3072           01218         MOVLW   'r'
03B3   2606           01219         CALL    LCD_Caracter
03B4   3065           01220         MOVLW   'e'
03B5   2606           01221         CALL    LCD_Caracter
03B6   3073           01222         MOVLW   's'
03B7   0008           01223         RETURN
                      01224 
03B8                  01225 MSI
03B8   3053           01226         MOVLW   'S'
MPASM  5.42                       RELOJMA.ASM   9-28-2014  11:00:19         PAGE 29


LOC  OBJECT CODE     LINE SOURCE TEXT
  VALUE

03B9   2606           01227         CALL    LCD_Caracter
03BA   3049           01228         MOVLW   'I'
03BB   2606           01229         CALL    LCD_Caracter
03BC   0008           01230         RETURN
03BD                  01231 MNO
03BD   304E           01232         MOVLW   'N'
03BE   2606           01233         CALL    LCD_Caracter
03BF   304F           01234         MOVLW   'O'
03C0   2606           01235         CALL    LCD_Caracter
03C1   0008           01236         RETURN
                      01237 
03C2                  01238 MCONTRASENA
03C2   3043           01239         MOVLW   'C'
03C3   2606           01240         CALL    LCD_Caracter
03C4   306F           01241         MOVLW   'o'
03C5   2606           01242         CALL    LCD_Caracter
03C6   306E           01243         MOVLW   'n'
03C7   2606           01244         CALL    LCD_Caracter
03C8   3074           01245         MOVLW   't'
03C9   2606           01246         CALL    LCD_Caracter
03CA   3072           01247         MOVLW   'r'
03CB   2606           01248         CALL    LCD_Caracter
03CC   3061           01249         MOVLW   'a'
03CD   2606           01250         CALL    LCD_Caracter
03CE   3073           01251         MOVLW   's'
03CF   2606           01252         CALL    LCD_Caracter
03D0   3065           01253         MOVLW   'e'
03D1   2606           01254         CALL    LCD_Caracter
03D2   30F1           01255         MOVLW   'ñ'
03D3   2606           01256         CALL    LCD_Caracter
03D4   3061           01257         MOVLW   'a'
03D5   2606           01258         CALL    LCD_Caracter
03D6   0008           01259         RETURN
                      01260 
                      01261 
03D7                  01262 MRINGON
03D7   3005           01263         MOVLW   0x05
03D8   25F3           01264         CALL    LCD_PosicionLinea2                      
03D9   3020           01265         MOVLW   ' '
03DA   2606           01266         CALL    LCD_Caracter
03DB   3052           01267         MOVLW   'R'
03DC   2606           01268         CALL    LCD_Caracter
03DD   3049           01269         MOVLW   'I'
03DE   2606           01270         CALL    LCD_Caracter
03DF   304E           01271         MOVLW   'N'
03E0   2606           01272         CALL    LCD_Caracter
03E1   3047           01273         MOVLW   'G'
03E2   2606           01274         CALL    LCD_Caracter
03E3   3021           01275         MOVLW   '!'
03E4   2606           01276         CALL    LCD_Caracter
03E5   3021           01277         MOVLW   '!'
03E6   2606           01278         CALL    LCD_Caracter
03E7   3004           01279         MOVLW   d'4'
MPASM  5.42                       RELOJMA.ASM   9-28-2014  11:00:19         PAGE 30


LOC  OBJECT CODE     LINE SOURCE TEXT
  VALUE

03E8   2631           01280         CALL    LCD_EnviaBlancos
                      01281 
                      01282 
03E9   0008           01283         RETURN
                      01284 
03EA                  01285 MRINGOFF
03EA   3005           01286         MOVLW   d'5'
03EB   25F3           01287         CALL    LCD_PosicionLinea2                      
03EC   300B           01288         MOVLW   d'11'
03ED   2631           01289         CALL    LCD_EnviaBlancos
03EE   0008           01290         RETURN
                      01291 
                      01292 
03EF                  01293 MENSAJE1TC
03EF   3031           01294         MOVLW   '1'
03F0   2606           01295         CALL    LCD_Caracter
03F1   3054           01296         MOVLW   'T'
03F2   2606           01297         CALL    LCD_Caracter
03F3   3043           01298         MOVLW   'C'
03F4   2606           01299         CALL    LCD_Caracter
03F5   0008           01300         RETURN
                      01301 
                      01302 
03F6                  01303 MENSAJE1TL
03F6   3031           01304         MOVLW   '1'
03F7   2606           01305         CALL    LCD_Caracter
03F8   3054           01306         MOVLW   'T'
03F9   2606           01307         CALL    LCD_Caracter
03FA   304C           01308         MOVLW   'L'
03FB   2606           01309         CALL    LCD_Caracter
03FC   0008           01310         RETURN
                      01311 
                      01312 
03FD                  01313 MENSAJE2TC
03FD   3032           01314         MOVLW   '2'
03FE   2606           01315         CALL    LCD_Caracter
03FF   3054           01316         MOVLW   'T'
0400   2606           01317         CALL    LCD_Caracter
0401   3043           01318         MOVLW   'C'
0402   2606           01319         CALL    LCD_Caracter
0403   0008           01320         RETURN
                      01321 
0404                  01322 MENSAJE3TC
0404   3033           01323         MOVLW   '3'
0405   2606           01324         CALL    LCD_Caracter
0406   3054           01325         MOVLW   'T'
0407   2606           01326         CALL    LCD_Caracter
0408   3043           01327         MOVLW   'C'
0409   2606           01328         CALL    LCD_Caracter
040A   0008           01329         RETURN
                      01330 
                      01331 
040B                  01332 MENSAJEOFF
MPASM  5.42                       RELOJMA.ASM   9-28-2014  11:00:19         PAGE 31


LOC  OBJECT CODE     LINE SOURCE TEXT
  VALUE

040B   304F           01333         MOVLW   'O'
040C   2606           01334         CALL    LCD_Caracter
040D   3046           01335         MOVLW   'F'
040E   2606           01336         CALL    LCD_Caracter
040F   3046           01337         MOVLW   'F'
0410   2606           01338         CALL    LCD_Caracter
0411   0008           01339         RETURN
                      01340 
0412                  01341 MENSAJEON
0412   304F           01342         MOVLW   'O'
0413   2606           01343         CALL    LCD_Caracter
0414   304E           01344         MOVLW   'N'
0415   2606           01345         CALL    LCD_Caracter
0416   3020           01346         MOVLW   ' '
0417   2606           01347         CALL    LCD_Caracter
0418   0008           01348         RETURN
                      01349 
                      01350 
                      01351 
0419                  01352 MENSAJEHORARIO
0419   3048           01353         MOVLW   'H'
041A   2606           01354         CALL    LCD_Caracter
041B   306F           01355         MOVLW   'o'
041C   2606           01356         CALL    LCD_Caracter
041D   3072           01357         MOVLW   'r'
041E   2606           01358         CALL    LCD_Caracter
041F   3061           01359         MOVLW   'a'
0420   2606           01360         CALL    LCD_Caracter
0421   3072           01361         MOVLW   'r'
0422   2606           01362         CALL    LCD_Caracter
0423   3069           01363         MOVLW   'i'
0424   2606           01364         CALL    LCD_Caracter
0425   306F           01365         MOVLW   'o'
0426   2606           01366         CALL    LCD_Caracter
0427   303A           01367         MOVLW   ':'
0428   2606           01368         CALL    LCD_Caracter
0429   0008           01369         RETURN
                      01370 
                      01371 
042A                  01372 MALARMAN
042A   3041           01373         MOVLW   'A'
042B   2606           01374         CALL    LCD_Caracter
042C   306C           01375         MOVLW   'l'
042D   2606           01376         CALL    LCD_Caracter
042E   3061           01377         MOVLW   'a'
042F   2606           01378         CALL    LCD_Caracter
0430   3072           01379         MOVLW   'r'
0431   2606           01380         CALL    LCD_Caracter
0432   306D           01381         MOVLW   'm'
0433   2606           01382         CALL    LCD_Caracter
0434   3061           01383         MOVLW   'a'
0435   2606           01384         CALL    LCD_Caracter
0436   3020           01385         MOVLW   ' '
MPASM  5.42                       RELOJMA.ASM   9-28-2014  11:00:19         PAGE 32


LOC  OBJECT CODE     LINE SOURCE TEXT
  VALUE

0437   2606           01386         CALL    LCD_Caracter
0438   304E           01387         MOVLW   'N'
0439   2606           01388         CALL    LCD_Caracter
043A   306F           01389         MOVLW   'o'
043B   2606           01390         CALL    LCD_Caracter
043C   303A           01391         MOVLW   ':'
043D   2606           01392         CALL    LCD_Caracter
                      01393 
043E   0008           01394         RETURN
                      01395 
                      01396 
043F                  01397 MVERSION
043F   3056           01398         MOVLW   'V'
0440   2606           01399         CALL    LCD_Caracter
0441   303A           01400         MOVLW   ':'
0442   2606           01401         CALL    LCD_Caracter
0443   3030           01402         MOVLW   '0'
0444   2606           01403         CALL    LCD_Caracter
0445   3036           01404         MOVLW   '6'
0446   2606           01405         CALL    LCD_Caracter
0447   302F           01406         MOVLW   '/'
0448   2606           01407         CALL    LCD_Caracter
0449   3031           01408         MOVLW   '1'
044A   2606           01409         CALL    LCD_Caracter
044B   3032           01410         MOVLW   '2'
044C   2606           01411         CALL    LCD_Caracter
044D   0008           01412         RETURN
                      01413 
044E                  01414 MFRELOJ
044E   25EF           01415         CALL    LCD_Linea2
044F   262A           01416         CALL    LCD_LineaEnBlanco
0450   25EF           01417         CALL    LCD_Linea2
0451   3046           01418         MOVLW   'F'
0452   2606           01419         CALL    LCD_Caracter
0453   3069           01420         MOVLW   'i'
0454   2606           01421         CALL    LCD_Caracter
0455   306A           01422         MOVLW   'j'
0456   2606           01423         CALL    LCD_Caracter
0457   3061           01424         MOVLW   'a'
0458   2606           01425         CALL    LCD_Caracter
0459   3072           01426         MOVLW   'r'
045A   2606           01427         CALL    LCD_Caracter
045B   3020           01428         MOVLW   ' '
045C   2606           01429         CALL    LCD_Caracter
045D   3052           01430         MOVLW   'R'
045E   2606           01431         CALL    LCD_Caracter
045F   3065           01432         MOVLW   'e'
0460   2606           01433         CALL    LCD_Caracter
0461   306C           01434         MOVLW   'l'
0462   2606           01435         CALL    LCD_Caracter
0463   306F           01436         MOVLW   'o'
0464   2606           01437         CALL    LCD_Caracter
0465   306A           01438         MOVLW   'j'
MPASM  5.42                       RELOJMA.ASM   9-28-2014  11:00:19         PAGE 33


LOC  OBJECT CODE     LINE SOURCE TEXT
  VALUE

0466   2606           01439         CALL    LCD_Caracter
0467   0008           01440         RETURN
                      01441 
0468                  01442 MFALARMAS
0468   25EF           01443         CALL    LCD_Linea2
0469   262A           01444         CALL    LCD_LineaEnBlanco
046A   25EF           01445         CALL    LCD_Linea2
046B   3046           01446         MOVLW   'F'
046C   2606           01447         CALL    LCD_Caracter
046D   3069           01448         MOVLW   'i'
046E   2606           01449         CALL    LCD_Caracter
046F   306A           01450         MOVLW   'j'
0470   2606           01451         CALL    LCD_Caracter
0471   3061           01452         MOVLW   'a'
0472   2606           01453         CALL    LCD_Caracter
0473   3072           01454         MOVLW   'r'
0474   2606           01455         CALL    LCD_Caracter
0475   3020           01456         MOVLW   ' '
0476   2606           01457         CALL    LCD_Caracter
0477   3041           01458         MOVLW   'A'
0478   2606           01459         CALL    LCD_Caracter
0479   306C           01460         MOVLW   'l'
047A   2606           01461         CALL    LCD_Caracter
047B   3061           01462         MOVLW   'a'
047C   2606           01463         CALL    LCD_Caracter
047D   3072           01464         MOVLW   'r'
047E   2606           01465         CALL    LCD_Caracter
047F   306D           01466         MOVLW   'm'
0480   2606           01467         CALL    LCD_Caracter
0481   3061           01468         MOVLW   'a'
0482   2606           01469         CALL    LCD_Caracter
0483   3073           01470         MOVLW   's'
0484   2606           01471         CALL    LCD_Caracter
0485   0008           01472         RETURN
                      01473 
0486                  01474 MTHORARIO
0486   25EF           01475         CALL    LCD_Linea2
0487   262A           01476         CALL    LCD_LineaEnBlanco
0488   25EF           01477         CALL    LCD_Linea2
0489   3054           01478         MOVLW   'T'
048A   2606           01479         CALL    LCD_Caracter
048B   3069           01480         MOVLW   'i'
048C   2606           01481         CALL    LCD_Caracter
048D   3070           01482         MOVLW   'p'
048E   2606           01483         CALL    LCD_Caracter
048F   306F           01484         MOVLW   'o'
0490   2606           01485         CALL    LCD_Caracter
0491   3020           01486         MOVLW   ' '
0492   2606           01487         CALL    LCD_Caracter
0493   3064           01488         MOVLW   'd'
0494   2606           01489         CALL    LCD_Caracter
0495   3065           01490         MOVLW   'e'
0496   2606           01491         CALL    LCD_Caracter
MPASM  5.42                       RELOJMA.ASM   9-28-2014  11:00:19         PAGE 34


LOC  OBJECT CODE     LINE SOURCE TEXT
  VALUE

0497   3020           01492         MOVLW   ' '
0498   2606           01493         CALL    LCD_Caracter
0499   3068           01494         MOVLW   'h'
049A   2606           01495         CALL    LCD_Caracter
049B   306F           01496         MOVLW   'o'
049C   2606           01497         CALL    LCD_Caracter
049D   3072           01498         MOVLW   'r'
049E   2606           01499         CALL    LCD_Caracter
049F   3061           01500         MOVLW   'a'
04A0   2606           01501         CALL    LCD_Caracter
04A1   3072           01502         MOVLW   'r'
04A2   2606           01503         CALL    LCD_Caracter
04A3   3069           01504         MOVLW   'i'
04A4   2606           01505         CALL    LCD_Caracter
04A5   306F           01506         MOVLW   'o'
04A6   2606           01507         CALL    LCD_Caracter
                      01508 
04A7   0008           01509         RETURN
                      01510 
04A8                  01511 MENCONTRASENA
04A8   25EF           01512         CALL    LCD_Linea2
04A9   262A           01513         CALL    LCD_LineaEnBlanco
04AA   25EF           01514         CALL    LCD_Linea2
04AB   23C2           01515         CALL    MCONTRASENA
04AC   0008           01516         RETURN
                      01517 
                      01518 
04AD                  01519 ACTMENU
04AD   0820           01520         MOVF    NMENU,W
04AE   1903           01521         BTFSC   STATUS,Z
04AF   2C4E           01522         GOTO    MFRELOJ
04B0   0820           01523         MOVF    NMENU,W
04B1   3C01           01524         SUBLW   0x01
04B2   1903           01525         BTFSC   STATUS,Z
04B3   2C68           01526         GOTO    MFALARMAS
04B4   0820           01527         MOVF    NMENU,W
04B5   3C02           01528         SUBLW   0x02
04B6   1903           01529         BTFSC   STATUS,Z
04B7   2C86           01530         GOTO    MTHORARIO
04B8   0820           01531         MOVF    NMENU,W
04B9   3C03           01532         SUBLW   0x03
04BA   1903           01533         BTFSC   STATUS,Z
04BB   2CA8           01534         GOTO    MENCONTRASENA
04BC   0820           01535         MOVF    NMENU,W
04BD   3C04           01536         SUBLW   0x04
04BE   1903           01537         BTFSC   STATUS,Z
04BF   2B9B           01538         GOTO    MDURATIMBRES
04C0   0820           01539         MOVF    NMENU,W
                      01540 
                      01541 
04C1   0008           01542         RETURN
                      01543 
04C2                  01544 MLUNES
MPASM  5.42                       RELOJMA.ASM   9-28-2014  11:00:19         PAGE 35


LOC  OBJECT CODE     LINE SOURCE TEXT
  VALUE

04C2   304C           01545         MOVLW   'L'
04C3   2606           01546         CALL    LCD_Caracter
04C4   3055           01547         MOVLW   'U'
04C5   2606           01548         CALL    LCD_Caracter
04C6   304E           01549         MOVLW   'N'
04C7   2606           01550         CALL    LCD_Caracter
04C8   0008           01551         RETURN
04C9                  01552 MMARTES
04C9   304D           01553         MOVLW   'M'
04CA   2606           01554         CALL    LCD_Caracter
04CB   3041           01555         MOVLW   'A'
04CC   2606           01556         CALL    LCD_Caracter
04CD   3052           01557         MOVLW   'R'
04CE   2606           01558         CALL    LCD_Caracter
04CF   0008           01559         RETURN
04D0                  01560 MMIERCOLES
04D0   304D           01561         MOVLW   'M'
04D1   2606           01562         CALL    LCD_Caracter
04D2   3049           01563         MOVLW   'I'
04D3   2606           01564         CALL    LCD_Caracter
04D4   3045           01565         MOVLW   'E'
04D5   2606           01566         CALL    LCD_Caracter
04D6   0008           01567         RETURN
04D7                  01568 MJUEVES
04D7   304A           01569         MOVLW   'J'
04D8   2606           01570         CALL    LCD_Caracter
04D9   3055           01571         MOVLW   'U'
04DA   2606           01572         CALL    LCD_Caracter
04DB   3045           01573         MOVLW   'E'
04DC   2606           01574         CALL    LCD_Caracter
04DD   0008           01575         RETURN
04DE                  01576 MVIERNES
04DE   3056           01577         MOVLW   'V'
04DF   2606           01578         CALL    LCD_Caracter
04E0   3049           01579         MOVLW   'I'
04E1   2606           01580         CALL    LCD_Caracter
04E2   3045           01581         MOVLW   'E'
04E3   2606           01582         CALL    LCD_Caracter
04E4   0008           01583         RETURN
04E5                  01584 MSABADO
04E5   3053           01585         MOVLW   'S'
04E6   2606           01586         CALL    LCD_Caracter
04E7   3041           01587         MOVLW   'A'
04E8   2606           01588         CALL    LCD_Caracter
04E9   3042           01589         MOVLW   'B'
04EA   2606           01590         CALL    LCD_Caracter
04EB   0008           01591         RETURN
04EC                  01592 MDOMINGO
04EC   3044           01593         MOVLW   'D'
04ED   2606           01594         CALL    LCD_Caracter
04EE   304F           01595         MOVLW   'O'
04EF   2606           01596         CALL    LCD_Caracter
04F0   304D           01597         MOVLW   'M'
MPASM  5.42                       RELOJMA.ASM   9-28-2014  11:00:19         PAGE 36


LOC  OBJECT CODE     LINE SOURCE TEXT
  VALUE

04F1   2606           01598         CALL    LCD_Caracter
04F2   0008           01599         RETURN
                      01600 
                      01601 ; Publica en el LCD el día de la semana dependiendo del dato almacenado en W
                      01602 
04F3                  01603 MENDIA
04F3   00C3           01604         MOVWF   MENDIAV
04F4   0843           01605         MOVF    MENDIAV,W
04F5   3C01           01606         SUBLW   0x01
04F6   1903           01607         BTFSC   STATUS,Z
04F7   2CC2           01608         GOTO    MLUNES
04F8   0843           01609         MOVF    MENDIAV,W
04F9   3C02           01610         SUBLW   0x02
04FA   1903           01611         BTFSC   STATUS,Z
04FB   2CC9           01612         GOTO    MMARTES
04FC   0843           01613         MOVF    MENDIAV,W
04FD   3C03           01614         SUBLW   0x03
04FE   1903           01615         BTFSC   STATUS,Z
04FF   2CD0           01616         GOTO    MMIERCOLES
0500   0843           01617         MOVF    MENDIAV,W
0501   3C04           01618         SUBLW   0x04
0502   1903           01619         BTFSC   STATUS,Z
0503   2CD7           01620         GOTO    MJUEVES
0504   0843           01621         MOVF    MENDIAV,W
0505   3C05           01622         SUBLW   0x05
0506   1903           01623         BTFSC   STATUS,Z
0507   2CDE           01624         GOTO    MVIERNES
0508   0843           01625         MOVF    MENDIAV,W
0509   3C06           01626         SUBLW   0x06
050A   1903           01627         BTFSC   STATUS,Z
050B   2CE5           01628         GOTO    MSABADO
050C   0843           01629         MOVF    MENDIAV,W
050D   3C07           01630         SUBLW   0x07
050E   1903           01631         BTFSC   STATUS,Z
050F   2CEC           01632         GOTO    MDOMINGO
0510   0008           01633         RETURN
                      01634 
                      01635 
                      01636 ; SUBRUTINA ROTAR A LA DERECHA *************************************************************************
                            ****
0511                  01637 ROTAR6D
0511   00AF           01638         MOVWF   TEMPROTAR
0512   3006           01639         MOVLW   d'6'
0513   00B0           01640         MOVWF   CONTROTAR
0514                  01641 ROTAR6D1
0514   1003           01642         BCF     STATUS,C
0515   0CAF           01643         RRF     TEMPROTAR,F
0516   0BB0           01644         DECFSZ  CONTROTAR,F
0517   2D14           01645         GOTO    ROTAR6D1
0518   082F           01646         MOVF    TEMPROTAR,W
0519   0008           01647         RETURN
                      01648         
051A                  01649 ROTAR6I
MPASM  5.42                       RELOJMA.ASM   9-28-2014  11:00:19         PAGE 37


LOC  OBJECT CODE     LINE SOURCE TEXT
  VALUE

051A   00AF           01650         MOVWF   TEMPROTAR
051B   3006           01651         MOVLW   d'6'
051C   00B0           01652         MOVWF   CONTROTAR
051D                  01653 ROTAR6I1
051D   1003           01654         BCF     STATUS,C
051E   0DAF           01655         RLF     TEMPROTAR,F
051F   0BB0           01656         DECFSZ  CONTROTAR,F
0520   2D1D           01657         GOTO    ROTAR6I1
0521   082F           01658         MOVF    TEMPROTAR,W
0522   0008           01659         RETURN
                      01660 
                      01661 
                      01662 
                      01663 
                      01664 ; Testear Alarma ***************************************************************************************
                            ************
                      01665 
0523                  01666 TESTEARALARMA
                      01667 
0523   082A           01668         MOVF    DIAALARMA,W
0524   025C           01669         SUBWF   DiaSemana,W
0525   1D03           01670         BTFSS   STATUS,Z
0526   2D67           01671         GOTO    TESTEARALARMANO
                      01672 
0527   0828           01673         MOVF    HORAALARMA,W
0528   025D           01674         SUBWF   Hora,W
0529   1D03           01675         BTFSS   STATUS,Z
052A   2D67           01676         GOTO    TESTEARALARMANO
                      01677 
052B   0829           01678         MOVF    MINUTOALARMA,W
052C   025E           01679         SUBWF   Minuto,W
052D   1D03           01680         BTFSS   STATUS,Z
052E   2D67           01681         GOTO    TESTEARALARMANO
                      01682         
052F   08C2           01683         MOVF    SONADAALARMAMF,F
0530   1D03           01684         BTFSS   STATUS,Z
0531   0008           01685         RETURN
                      01686 
                      01687         ; El timbre sonara
0532   0AC2           01688         INCF    SONADAALARMAMF,F        ; Setea la bandera de alarma sonada
                      01689                                         ; El timbre va a sonar, lee las duraciones
0533   30FB           01690         MOVLW   EEDDTIMBREC             ; Posición en EEPROM de timbre corto
0534   2797           01691         CALL    EEDIR
0535   279D           01692         CALL    EELEER
0536   00C0           01693         MOVWF   DTIMBREC
0537   30FC           01694         MOVLW   EEDDTIMBREL             ; Posición en EEPROM de timbre largo
0538   2797           01695         CALL    EEDIR
0539   279D           01696         CALL    EELEER
053A   00C1           01697         MOVWF   DTIMBREL
                      01698 
                      01699         ; Lee el timpo de timbrado
053B   082B           01700         MOVF    VTIPOHORARIO,W          ; Mueve Vtipodehorario a contador
053C   00A7           01701         MOVWF   CONTADOR        
MPASM  5.42                       RELOJMA.ASM   9-28-2014  11:00:19         PAGE 38


LOC  OBJECT CODE     LINE SOURCE TEXT
  VALUE

053D   0825           01702         MOVF    NALARMA,W               ; Guarda NALARMA en NALARMAP
053E   00A6           01703         MOVWF   NALARMAP
                      01704         
053F                  01705 TESTEARALARMA1B                                 
053F   0BA7           01706         DECFSZ  CONTADOR,F              ; Si VTIPODEHORARIO es 1 NALARMAP=NARALMA
0540   2D42           01707         GOTO    TESTEARALARMA1BB
0541   2D45           01708         GOTO    TESTEARALARMA1C         ; Si no es uno NALARMAP=NALARMA+VTIPODEHORARIO*30
0542                  01709 TESTEARALARMA1BB        
0542   301E           01710         MOVLW   d'30'
0543   07A6           01711         ADDWF   NALARMAP,F
0544   2D3F           01712         GOTO    TESTEARALARMA1B
                      01713 
0545                  01714 TESTEARALARMA1C
0545   0826           01715         MOVF    NALARMAP,W      
0546   1003           01716         BCF     STATUS,C
0547   0D26           01717         RLF     NALARMAP,W
0548   2797           01718         CALL    EEDIR
0549   279D           01719         CALL    EELEER
054A   2511           01720         CALL    ROTAR6D
054B   3903           01721         ANDLW   b'00000011'
054C   00AE           01722         MOVWF   TIPOTIMBRE
                      01723 
                      01724 
054D   1487           01725         BSF     PINLEDLCD               ; Enciende la luz del LCD
054E   082E           01726         MOVF    TIPOTIMBRE,W
054F   1903           01727         BTFSC   STATUS,Z
0550   2D69           01728         GOTO    TIMBRAR1TC
0551   082E           01729         MOVF    TIPOTIMBRE,W
0552   3C01           01730         SUBLW   0x01
0553   1903           01731         BTFSC   STATUS,Z
0554   2D70           01732         GOTO    TIMBRAR1TL
0555   082E           01733         MOVF    TIPOTIMBRE,W
0556   3C02           01734         SUBLW   0x02
0557   1903           01735         BTFSC   STATUS,Z
0558   2D77           01736         GOTO    TIMBRAR2TC
0559   082E           01737         MOVF    TIPOTIMBRE,W
055A   3C03           01738         SUBLW   0x03
055B   1903           01739         BTFSC   STATUS,Z
055C   2D85           01740         GOTO    TIMBRAR3TC
                      01741 
055D                  01742 TESTEARALARMAFIN
055D   26EE           01743         CALL    Retardo_1s
055E   25AC           01744         CALL    LCD_Inicializa          ; Inicializa la pantalla y graba el logo en su memoria
055F   3014           01745         MOVLW   TIEMPOLCD               ; Inicilaliza el contador de luz LCD
0560   00B8           01746         MOVWF   CONTLEDLCD
                      01747 
0561   158A           01748         BSF     PCLATH,3                ; Pagina 1
0562   120A           01749         BCF     PCLATH,4 
Message[306]: Crossing page boundary -- ensure page bits are set.
0563   22B4           01750         CALL    COMPALARMAS             ; Comprueba cual es la próxiam alarma
0564   018A           01751         CLRF    PCLATH                  ; Pagina 0
0565   0064           01752         CLRWDT
0566   0008           01753         RETURN          
MPASM  5.42                       RELOJMA.ASM   9-28-2014  11:00:19         PAGE 39


LOC  OBJECT CODE     LINE SOURCE TEXT
  VALUE

                      01754 
0567                  01755 TESTEARALARMANO
0567   01C2           01756         CLRF    SONADAALARMAMF          ; No se sono alarma, resetea la bandera
0568   0008           01757         RETURN
                      01758         
                      01759         
                      01760 
0569                  01761 TIMBRAR1TC
0569   1407           01762         BSF     PINTIMBRE
056A   23D7           01763         CALL    MRINGON
056B   0840           01764         MOVF    DTIMBREC,W
056C   26FF           01765         CALL    Retardo_wseg
056D   1007           01766         BCF     PINTIMBRE
056E   23EA           01767         CALL    MRINGOFF
056F   2D5D           01768         GOTO    TESTEARALARMAFIN
                      01769 
0570                  01770 TIMBRAR1TL
0570   1407           01771         BSF     PINTIMBRE
0571   23D7           01772         CALL    MRINGON
0572   0841           01773         MOVF    DTIMBREL,W
0573   26FF           01774         CALL    Retardo_wseg
0574   1007           01775         BCF     PINTIMBRE
0575   23EA           01776         CALL    MRINGOFF
0576   2D5D           01777         GOTO    TESTEARALARMAFIN
                      01778 
0577                  01779 TIMBRAR2TC
0577   1407           01780         BSF     PINTIMBRE
0578   23D7           01781         CALL    MRINGON
0579   0840           01782         MOVF    DTIMBREC,W
057A   26FF           01783         CALL    Retardo_wseg
057B   1007           01784         BCF     PINTIMBRE
057C   23EA           01785         CALL    MRINGOFF
057D   26EE           01786         CALL    Retardo_1s
057E   1407           01787         BSF     PINTIMBRE
057F   23D7           01788         CALL    MRINGON
0580   0840           01789         MOVF    DTIMBREC,W
0581   26FF           01790         CALL    Retardo_wseg
0582   1007           01791         BCF     PINTIMBRE
0583   23EA           01792         CALL    MRINGOFF
0584   2D5D           01793         GOTO    TESTEARALARMAFIN
                      01794         
                      01795 
0585                  01796 TIMBRAR3TC
0585   1407           01797         BSF     PINTIMBRE
0586   23D7           01798         CALL    MRINGON
0587   0840           01799         MOVF    DTIMBREC,W
0588   26FF           01800         CALL    Retardo_wseg
0589   1007           01801         BCF     PINTIMBRE
058A   23EA           01802         CALL    MRINGOFF
058B   26EE           01803         CALL    Retardo_1s
058C   1407           01804         BSF     PINTIMBRE
058D   23D7           01805         CALL    MRINGON
058E   0840           01806         MOVF    DTIMBREC,W
MPASM  5.42                       RELOJMA.ASM   9-28-2014  11:00:19         PAGE 40


LOC  OBJECT CODE     LINE SOURCE TEXT
  VALUE

058F   26FF           01807         CALL    Retardo_wseg
0590   1007           01808         BCF     PINTIMBRE
0591   23EA           01809         CALL    MRINGOFF
0592   26EE           01810         CALL    Retardo_1s
0593   1407           01811         BSF     PINTIMBRE
0594   23D7           01812         CALL    MRINGON
0595   0840           01813         MOVF    DTIMBREC,W
0596   26FF           01814         CALL    Retardo_wseg
0597   1007           01815         BCF     PINTIMBRE
0598   23EA           01816         CALL    MRINGOFF
0599   2D5D           01817         GOTO    TESTEARALARMAFIN
                      01818 
                      01819 
                      01820 
059A                  01821 Teclado_LeeHexww        
059A   08BE           01822         MOVF    CONTTECLADOWW,F
059B   1903           01823         BTFSC   STATUS,Z
059C   2DAA           01824         GOTO    Teclado_LeeHexwwe
                      01825 
059D                  01826 Teclado_LeeHexww1       
059D   0064           01827         CLRWDT
059E   26D4           01828         CALL    Retardo_20ms
059F   03BE           01829         DECF    CONTTECLADOWW,F
05A0   1903           01830         BTFSC   STATUS,Z
05A1   2DAA           01831         GOTO    Teclado_LeeHexwwe
                      01832 
05A2   2005           01833         CALL    Teclado_LeeHex
05A3   1C03           01834         BTFSS   STATUS,C
05A4   2D9D           01835         GOTO    Teclado_LeeHexww1
05A5   00CA           01836         MOVWF   TEMPTECLADO
05A6   2027           01837         CALL    Teclado_EsperaDejePulsar
05A7   084A           01838         MOVF    TEMPTECLADO,W
05A8   390F           01839         ANDLW   0x0F
05A9   0008           01840         RETURN  
                      01841 
05AA                  01842 Teclado_LeeHexwwe
05AA   300F           01843         MOVLW   0x0F
05AB   0008           01844         RETURN
                      01845 
                      01846 
                      01847 
                      01848 ; ZONA DE LIBRERIAS ************************************************************************************
                            ****
                      01849         
                      01850         INCLUDE "Librerias\LCD_4BITOPD877.INC"
                      00001 ;**************************** Librería "LCD_4BIT.INC" ***********************************
                      00002 ;
                      00003 ;       ===================================================================
                      00004 ;         Del libro "MICROCONTROLADOR PIC16F84. DESARROLLO DE PROYECTOS"
                      00005 ;         E. Palacios, F. Remiro y L. López.
                      00006 ;         Editorial Ra-Ma.  www.ra-ma.es
                      00007 ;       ===================================================================
                      00008 ;
MPASM  5.42                       RELOJMA.ASM   9-28-2014  11:00:19         PAGE 41


LOC  OBJECT CODE     LINE SOURCE TEXT
  VALUE

                      00009 ; Estas subrutinas permiten realizar las tareas básicas de control de un módulo LCD de 2
                      00010 ; líneas por 16 caracteres, compatible con el modelo LM016L.
                      00011 ;
                      00012 ; El visualizador LCD está conectado al Puerto B del PIC mediante un bus de 4 bits. Las
                      00013 ; conexiones son:
                      00014 ;    -  Las 4 líneas superiores del módulo LCD, pines <DB7:DB4>  se conectan a las 4
                      00015 ;       líneas superiores del Puerto B del PIC, pines <RB7:RB4>.
                      00016 ;    -  Pin RS del LCD a la línea RA0 del PIC.
                      00017 ;    -  Pin R/W del LCD a la línea RA1 del PIC, o a masa.
                      00018 ;    -  Pin Enable del LCD a la línea RA2 del PIC.
                      00019 ;
                      00020 ; Se utilizan llamadas a subrutinas de retardo de tiempo localizadas en la librería RETARDOS.INC.
                      00021 ;
                      00022 ; ZONA DE DATOS *********************************************************************
                      00023 
                      00024         CBLOCK
  0000004C            00025         LCD_Dato
  0000004D            00026         LCD_GuardaDato
  0000004E            00027         LCD_Auxiliar1
  0000004F            00028         LCD_Auxiliar2
  00000050            00029         LCD_TEMP
  00000051            00030         LCD_TEMPRS
                      00031         ENDC
                      00032 
  00000010            00033 LCD_CaracteresPorLinea  EQU     .16     ; Número de caracteres por línea de la pantalla.
                      00034 
                      00035 #DEFINE  LCD_PinRS      PORTD,1
                      00036 #DEFINE  LCD_PinRW      PORTD,2
                      00037 #DEFINE  LCD_PinEnable  PORTD,3
                      00038 #DEFINE  LCD_BusDatos   PORTD
                      00039 
                      00040 ; Subrutina "LCD_Inicializa" ------------------------------------------------------------
                      00041 ;
                      00042 ; Inicialización del módulo LCD: Configura funciones del LCD, produce reset por software,
                      00043 ; borra memoria y enciende pantalla. El fabricante especifica que para garantizar la
                      00044 ; configuración inicial hay que hacerla como sigue:
                      00045 ;
05AC                  00046 LCD_Inicializa
05AC   1683           00047         bsf     STATUS,RP0              ; Configura las líneas conectadas al pines RS,
05AD   1088           00048         bcf     LCD_PinRS               ; R/W y E.
05AE   1188           00049         bcf     LCD_PinEnable
05AF   1108           00050         bcf     LCD_PinRW
05B0   0188           00051         clrf    LCD_BusDatos
05B1   1283           00052         bcf     STATUS,RP0
                      00053 
05B2   3017           00054         MOVLW   0x17
05B3   25F1           00055         CALL    LCD_PosicionLinea1
05B4   268B           00056         CALL    LCD_Leer
05B5   3C50           00057         SUBLW   0x50
05B6   39F0           00058         ANDLW   0xF0
05B7   1903           00059         BTFSC   STATUS,Z
05B8   0008           00060         RETURN
                      00061 
MPASM  5.42                       RELOJMA.ASM   9-28-2014  11:00:19         PAGE 42


LOC  OBJECT CODE     LINE SOURCE TEXT
  VALUE

05B9   26D2           00062         CALL    Retardo_50ms            ; Retardo inicial para que VDD llegue a 4.5v
                      00063 
                      00064 
05BA   1108           00065         bcf     LCD_PinRW               ; En caso de que esté conectado le indica
                      00066                                         ; que se va a escribir en el LCD.
05BB   1188           00067         bcf     LCD_PinEnable           ; Impide funcionamiento del LCD poniendo E=0.
05BC   1088           00068         bcf     LCD_PinRS               ; Activa el Modo Comando poniendo RS=0.
                      00069 
05BD   2650           00070         CALL    LCD_EspBF               ; Espera que no este ocupado
05BE   3020           00071         movlw   b'00100000'     
05BF   25E1           00072         call    LCD_EscribeLCD          ; Escribe el dato en el LCD.
05C0   3020           00073         movlw   b'00100000'     
05C1   25E1           00074         call    LCD_EscribeLCD
05C2   30C0           00075         movlw   b'11000000'             ; Modo dos lineas
05C3   25E1           00076         call    LCD_EscribeLCD
                      00077 
05C4   26C6           00078         CALL    Retardo_50micros
                      00079 
05C5   2650           00080         CALL    LCD_EspBF               ; Display ON, cursor y blikc crusor apagado 
05C6   3000           00081         movlw   b'00000000'             ; 
05C7   25E1           00082         call    LCD_EscribeLCD
05C8   30D0           00083         movlw   b'11010000'             ;
05C9   25E1           00084         call    LCD_EscribeLCD
                      00085         
05CA   26C6           00086         CALL    Retardo_50micros
                      00087 
05CB   2650           00088         CALL    LCD_EspBF               ; Borra LCD
05CC   3000           00089         movlw   b'00000000'             ; 
05CD   25E1           00090         call    LCD_EscribeLCD
05CE   3010           00091         movlw   b'00010000'             
05CF   25E1           00092         call    LCD_EscribeLCD
                      00093 
05D0   26DA           00094         CALL    Retardo_2ms
                      00095 
05D1   2650           00096         CALL    LCD_EspBF               ; Modo incrementar con enteri shift off
05D2   3000           00097         movlw   b'00000000'             ; 
05D3   25E1           00098         call    LCD_EscribeLCD
05D4   3060           00099         movlw   b'01100000'             
05D5   25E1           00100         call    LCD_EscribeLCD
05D6   26DA           00101         CALL    Retardo_2ms
05D7   2672           00102         CALL    LCD_DIBLOGO
                      00103         
                      00104 
05D8   2650           00105         CALL    LCD_EspBF               ; Espera que no este ocupado
05D9   25F9           00106         CALL    LCD_CursorOFF
                      00107 
05DA   26A7           00108         CALL    LCD_Borra
05DB   25ED           00109         CALL    LCD_Linea1
                      00110 
05DC   3017           00111         MOVLW   0x17
05DD   25F1           00112         CALL    LCD_PosicionLinea1
05DE   3055           00113         MOVLW   0x55                            ; Manda la letra 'U'=0x55 a un lugar donde no se ve
05DF   2606           00114         CALL    LCD_Caracter
MPASM  5.42                       RELOJMA.ASM   9-28-2014  11:00:19         PAGE 43


LOC  OBJECT CODE     LINE SOURCE TEXT
  VALUE

                      00115 
                      00116 
05E0   0008           00117         RETURN
                      00118 
                      00119 
                      00120 
                      00121 
                      00122 
                      00123 ; Subrutina "LCD_EscribeLCD" -----------------------------------------------------------
                      00124 ;
                      00125 ; Envía el dato del registro de trabajo W al bus de dato y produce un pequeño pulso en el pin
                      00126 ; Enable del LCD. Para no alterar el contenido de las líneas de la parte baja del Puerto B que
                      00127 ; no son utilizadas para el LCD (pines RB3:RB0), primero se lee estas líneas y después se
                      00128 ; vuelve a enviar este dato sin cambiarlo.
                      00129 
05E1                  00130 LCD_EscribeLCD
05E1   39F0           00131         andlw   b'11110000'             ; Se queda con el nibble alto del dato que es el
05E2   00CC           00132         movwf   LCD_Dato                ; que hay que enviar y lo guarda.
05E3   0808           00133         movf    LCD_BusDatos,W          ; Lee la información actual de la parte baja
05E4   390F           00134         andlw   b'00001111'             ; del Puerto B, que no se debe alterar.
05E5   074C           00135         addwf   LCD_Dato,W              ; Enviará la parte alta del dato de entrada
                      00136                                         ; y en la parte baja lo que había antes.
                      00137 
05E6   0088           00138         movwf   LCD_BusDatos            ; Envía el dato al módulo LCD.
05E7   1588           00139         bsf     LCD_PinEnable           ; Permite funcionamiento del LCD mediante un pequeño
05E8   26B7           00140         CALL    Retardo_10micros
05E9   1188           00141         bcf     LCD_PinEnable           ; pulso y termina impidiendo el funcionamiento del LCD.
05EA   0008           00142         return
                      00143 
                      00144 ; Subrutinas variadas para el control del módulo LCD -----------------------------------------
                      00145 ;
                      00146 ;Los comandos que pueden ser ejecutados son:
                      00147 ;
05EB                  00148 LCD_CursorIncr                          ; Cursor en modo incrementar.
05EB   3006           00149         movlw   b'00000110'
05EC   2E01           00150         goto    LCD_EnviaComando
05ED                  00151 LCD_Linea1                              ; Cursor al principio de la Línea 1.
05ED   3080           00152         movlw   b'10000000'             ; Dirección 00h de la DDRAM
05EE   2E01           00153         goto    LCD_EnviaComando
05EF                  00154 LCD_Linea2                              ; Cursor al principio de la Línea 2.
05EF   30C0           00155         movlw   b'11000000'             ; Dirección 40h de la DDRAM
05F0   2E01           00156         goto    LCD_EnviaComando
05F1                  00157 LCD_PosicionLinea1                      ; Cursor a posición de la Línea 1, a partir de la
05F1   3880           00158         iorlw   b'10000000'             ; dirección 00h de la DDRAM más el valor del
05F2   2E01           00159         goto    LCD_EnviaComando        ; registro W.
05F3                  00160 LCD_PosicionLinea2                      ; Cursor a posición de la Línea 2, a partir de la
05F3   38C0           00161         iorlw   b'11000000'             ; dirección 40h de la DDRAM más el valor del
05F4   2E01           00162         goto    LCD_EnviaComando        ; registro W.
05F5                  00163 LCD_OFF                         ; Pantalla apagada.
05F5   3008           00164         movlw   b'00001000'
05F6   2E01           00165         goto    LCD_EnviaComando
05F7                  00166 LCD_CursorON                            ; Pantalla encendida y cursor encendido.
05F7   300F           00167         movlw   b'00001111'
MPASM  5.42                       RELOJMA.ASM   9-28-2014  11:00:19         PAGE 44


LOC  OBJECT CODE     LINE SOURCE TEXT
  VALUE

05F8   2E01           00168         goto    LCD_EnviaComando
05F9                  00169 LCD_CursorOFF                           ; Pantalla encendida y cursor apagado.
05F9   300C           00170         movlw   b'00001100'
05FA   2E01           00171         goto    LCD_EnviaComando
05FB                  00172 LCD_2Lineas4Bits5x7                     ; Define la pantalla de 2 líneas, con caracteres
05FB   3028           00173         movlw   b'00101000'             ; de 5x7 puntos y conexión al PIC mediante bus de
                      00174 ;       goto    LCD_EnviaComando        ; 4 bits. 
                      00175 
                      00176 ; Subrutinas "LCD_EnviaComando" y "LCD_Caracter" ------------------------------------
                      00177 ;
                      00178 ; "LCD_EnviaComando". Escribe un comando en el registro del módulo LCD. La palabra de
                      00179 ; comando ha sido entregada a través del registro W.  Trabaja en Modo Comando.
                      00180 ; "LCD_Caracter". Escribe en la memoria DDRAM del LCD el carácter ASCII introducido a
                      00181 ; a través del registro W. Trabaja en Modo Dato.
                      00182 ;
                      00183 
05FC                  00184 LCD_EnviaDato
05FC   00CD           00185         movwf   LCD_GuardaDato          ; Guarda el dato a enviar.
05FD   2650           00186         CALL    LCD_EspBF
05FE   084D           00187         MOVF    LCD_GuardaDato,W
05FF   1488           00188         bsf     LCD_PinRS               ; Activa el Modo Comando, poniendo RS=0.
0600   2E0B           00189         goto    LCD_Envia
0601                  00190 LCD_EnviaComando
0601   00CD           00191         movwf   LCD_GuardaDato          ; Guarda el dato a enviar.
0602   2650           00192         CALL    LCD_EspBF
0603   084D           00193         MOVF    LCD_GuardaDato,W
0604   1088           00194         bcf     LCD_PinRS               ; Activa el Modo Comando, poniendo RS=0.
0605   2E0B           00195         goto    LCD_Envia
0606                  00196 LCD_Caracter
0606   00CD           00197         movwf   LCD_GuardaDato          ; Guarda el dato a enviar.
0607   2650           00198         CALL    LCD_EspBF
0608   084D           00199         MOVF    LCD_GuardaDato,W
0609   1488           00200         bsf     LCD_PinRS               ; Activa el "Modo Dato", poniendo RS=1.
060A   2614           00201         call    LCD_CodigoCGROM         ; Obtiene el código para correcta visualización.
060B                  00202 LCD_Envia
060B   00CD           00203         movwf   LCD_GuardaDato          ; Guarda el dato a enviar.
060C   25E1           00204         call    LCD_EscribeLCD          ; Primero envía el nibble alto.
060D   0E4D           00205         swapf   LCD_GuardaDato,W        ; Ahora envía el nibble bajo. Para ello pasa el
                      00206                                         ; nibble bajo del dato a enviar a parte alta del byte.
060E   25E1           00207         call    LCD_EscribeLCD          ; Se envía al visualizador LCD.
060F   1C88           00208         btfss   LCD_PinRS               ; Debe garantizar una correcta escritura manteniendo 
0610   26DA           00209         call    Retardo_2ms             ; 2 ms en modo comando y 50 µs en modo cáracter.
0611   26C6           00210         call    Retardo_50micros
0612   0850           00211         MOVF    LCD_TEMP,W
0613   0008           00212         return  
                      00213 
                      00214 ; Subrutina "LCD_CodigoCGROM" -----------------------------------------------------------
                      00215 ;
                      00216 ; A partir del carácter ASCII número 127 los códigos de los caracteres definidos en la
                      00217 ; tabla CGROM del LM016L no coinciden con los códigos ASCII. Así por ejemplo, el código
                      00218 ; ASCII de la "Ñ" en la tabla CGRAM del LM016L es EEh.
                      00219 ;
                      00220 ; Esta subrutina convierte los códigos ASCII de la "Ñ", "º" y otros, a códigos CGROM para que
MPASM  5.42                       RELOJMA.ASM   9-28-2014  11:00:19         PAGE 45


LOC  OBJECT CODE     LINE SOURCE TEXT
  VALUE

                      00221 ; que puedan ser visualizado en el módulo LM016L.
                      00222 ; 
                      00223 ; Entrada:      En (W) el código ASCII del carácter que se desea visualizar.
                      00224 ; Salida:       En (W) el código definido en la tabla CGROM.
                      00225 
0614                  00226 LCD_CodigoCGROM
0614   00CC           00227         movwf   LCD_Dato                ; Guarda el valor del carácter y comprueba si es
0615                  00228 LCD_EnheMinuscula                       ; un carácter especial.
0615   3CF1           00229         sublw   'ñ'                     ; ¿Es la "ñ"?
0616   1D03           00230         btfss   STATUS,Z
0617   2E1B           00231         goto    LCD_EnheMayuscula       ; No es "ñ".
0618   30EE           00232         movlw   b'11101110'             ; Código CGROM de la "ñ".
0619   00CC           00233         movwf   LCD_Dato
061A   2E28           00234         goto    LCD_FinCGROM
061B                  00235 LCD_EnheMayuscula
061B   084C           00236         movf    LCD_Dato,W              ; Recupera el código ASCII de entrada.
061C   3CD1           00237         sublw   'Ñ'                     ; ¿Es la "Ñ"?
061D   1D03           00238         btfss   STATUS,Z
061E   2E22           00239         goto    LCD_Grado               ; No es "Ñ".
061F   30EE           00240         movlw   b'11101110'             ; Código CGROM de la "ñ". (No hay símbolo para
0620   00CC           00241         movwf   LCD_Dato                ; la "Ñ" mayúscula en la CGROM).
0621   2E28           00242         goto    LCD_FinCGROM    
0622                  00243 LCD_Grado
0622   084C           00244         movf    LCD_Dato,W              ; Recupera el código ASCII de entrada.
0623   3CBA           00245         sublw   'º'                     ; ¿Es el símbolo "º"?
0624   1D03           00246         btfss   STATUS,Z
0625   2E28           00247         goto    LCD_FinCGROM            ; No es "º".
0626   30DF           00248         movlw   b'11011111'             ; Código CGROM del símbolo "º".
0627   00CC           00249         movwf   LCD_Dato
0628                  00250 LCD_FinCGROM
0628   084C           00251         movf    LCD_Dato,W              ; En (W) el código buscado.
0629   0008           00252         return
                      00253 
                      00254 ; Subrutina "LCD_DosEspaciosBlancos" y "LCD_LineaBlanco" --------------------------------
                      00255 ;
                      00256 ; Visualiza espacios en blanco.
                      00257 
062A                  00258 LCD_LineaEnBlanco
062A   3010           00259         movlw   LCD_CaracteresPorLinea
062B   2E31           00260         goto    LCD_EnviaBlancos
062C                  00261 LCD_UnEspacioBlanco
062C   3001           00262         movlw   .1
062D   2E31           00263         goto    LCD_EnviaBlancos
062E                  00264 LCD_DosEspaciosBlancos
062E   3002           00265         movlw   .2
062F   2E31           00266         goto    LCD_EnviaBlancos
0630                  00267 LCD_TresEspaciosBlancos
0630   3003           00268         movlw   .3
0631                  00269 LCD_EnviaBlancos
0631   00CE           00270         movwf   LCD_Auxiliar1           ; (LCD_Auxiliar1) se utiliza como contador.
0632                  00271 LCD_EnviaOtroBlanco     
0632   3020           00272         movlw   ' '                     ; Esto es un espacio en blanco.
0633   2606           00273         call    LCD_Caracter            ; Visualiza tanto espacios en blanco como se
MPASM  5.42                       RELOJMA.ASM   9-28-2014  11:00:19         PAGE 46


LOC  OBJECT CODE     LINE SOURCE TEXT
  VALUE

0634   0BCE           00274         decfsz  LCD_Auxiliar1,F         ; haya cargado en (LCD_Auxiliar1).
0635   2E32           00275         goto    LCD_EnviaOtroBlanco
0636   0008           00276         return
                      00277 
                      00278 ; Subrutinas "LCD_ByteCompleto" y "LCD_Byte" --------------------------------------------
                      00279 ;
                      00280 ; Subrutina "LCD_ByteCompleto", visualiza el byte que almacena el registro W en el
                      00281 ; lugar actual de la pantalla. Por ejemplo, si (W)=b'10101110' visualiza "AE".
                      00282 ;
                      00283 ; Subrutina "LCD_Byte" igual que la anterior, pero en caso de que el nibble alto sea cero 
                      00284 ; visualiza en su lugar un espacio en blanco. Por ejemplo si (W)=b'10101110' visualiza "AE"
                      00285 ; y si (W)=b'00001110', visualiza " E" (un espacio blanco delante).
                      00286 ;
                      00287 ; Utilizan la subrutina "LCD_Nibble" que se analiza más adelante.
                      00288 ;
0637                  00289 LCD_Byte
0637   00D0           00290         MOVWF   LCD_TEMP
0638   00CF           00291         movwf   LCD_Auxiliar2           ; Guarda el valor de entrada.
0639   39F0           00292         andlw   b'11110000'             ; Analiza si el nibble alto es cero.
063A   1D03           00293         btfss   STATUS,Z                ; Si es cero lo apaga.
063B   2E41           00294         goto    LCD_VisualizaAlto               ; No es cero y lo visualiza.
063C   3020           00295         movlw   ' '                     ; Visualiza un espacio en blanco.
063D   2606           00296         call    LCD_Caracter
063E   2E43           00297         goto    LCD_VisualizaBajo
                      00298 
063F                  00299 LCD_ByteCompleto
063F   00D0           00300         MOVWF   LCD_TEMP
0640   00CF           00301         movwf   LCD_Auxiliar2           ; Guarda el valor de entrada.
0641                  00302 LCD_VisualizaAlto
0641   0E4F           00303         swapf   LCD_Auxiliar2,W         ; Pone el nibble alto en la parte baja.
0642   2644           00304         call    LCD_Nibble              ; Lo visualiza.
0643                  00305 LCD_VisualizaBajo
0643   084F           00306         movf    LCD_Auxiliar2,W         ; Repite el proceso con el nibble bajo.
                      00307 ;       call    LCD_Nibble              ; Lo visualiza.
                      00308 ;       return
                      00309 
                      00310 ; Subrutina "LCD_Nibble" ----------------------------------------------------------------
                      00311 ;
                      00312 ; Visualiza en el lugar actual de la pantalla, el valor hexadecimal que almacena en el nibble
                      00313 ; bajo del registro W. El nibble alto de W no es tenido en cuenta. Ejemplos:
                      00314 ; - Si (W)=b'01010110', se visualizará "6". 
                      00315 ; - Si (W)=b'10101110', se visualizará "E". 
                      00316 ;
0644                  00317 LCD_Nibble
0644   00D0           00318         MOVWF   LCD_TEMP
0645   390F           00319         andlw   b'00001111'             ; Se queda con la parte baja.
0646   00CE           00320         movwf   LCD_Auxiliar1           ; Lo guarda.
0647   3C09           00321         sublw   0x09                    ; Comprueba si hay que representarlo con letra.
0648   1C03           00322         btfss   STATUS,C        
0649   2E4D           00323         goto    LCD_EnviaByteLetra
064A   084E           00324         movf    LCD_Auxiliar1,W
064B   3E30           00325         addlw   '0'                     ; El número se pasa a carácter ASCII sumándole
064C   2E4F           00326         goto    LCD_FinVisualizaDigito  ; el ASCII del cero y lo visualiza.
MPASM  5.42                       RELOJMA.ASM   9-28-2014  11:00:19         PAGE 47


LOC  OBJECT CODE     LINE SOURCE TEXT
  VALUE

064D                  00327 LCD_EnviaByteLetra
064D   084E           00328         movf    LCD_Auxiliar1,W
064E   3E37           00329         addlw   'A'-0x0A                        ; Sí, por tanto, se le suma el ASCII de la 'A'.
064F                  00330 LCD_FinVisualizaDigito
064F   2E06           00331         goto    LCD_Caracter            ; Y visualiza el carácter. Se hace con un "goto"
                      00332                                         ; para no sobrecargar la pila.
                      00333 
0650                  00334 LCD_EspBF
0650   1051           00335         BCF     LCD_TEMPRS,0            ; Guarda RS
0651   1888           00336         BTFSC   LCD_PinRS
0652   1451           00337         BSF     LCD_TEMPRS,0
0653   1188           00338         BCF     LCD_PinEnable
0654   1088           00339         BCF     LCD_PinRS               
0655   1508           00340         BSF     LCD_PinRW               ; Modo lectura
                      00341 
0656   1683           00342         BSF     STATUS,RP0              ; Pone a 1 el bit 5 del STATUS. Acceso al Banco 1.
0657   1608           00343         BSF     PORTD,4                 ; Coloca a los pines de datos como entrada
0658   1688           00344         BSF     PORTD,5
0659   1708           00345         BSF     PORTD,6
065A   1788           00346         BSF     PORTD,7
065B   1283           00347         BCF     STATUS,RP0              ; Pone a 1 el bit 5 del STATUS. Acceso al Banco 1.
                      00348 
065C   26B7           00349         CALL    Retardo_10micros
                      00350 
065D                  00351 LCD_EspBF2
065D   1588           00352         BSF     LCD_PinEnable
065E   26B7           00353         CALL    Retardo_10micros
065F   1188           00354         BCF     LCD_PinEnable
0660   26B7           00355         CALL    Retardo_10micros
0661   1588           00356         BSF     LCD_PinEnable
0662   1B88           00357         BTFSC   PORTD,7                 ; Si D7 esta en alto esta ocupado
0663   2E5D           00358         GOTO    LCD_EspBF2              ; Si este en cero esta libre y salta
                      00359 
0664   1188           00360         BCF     LCD_PinEnable
0665   1108           00361         BCF     LCD_PinRW
0666   26B7           00362         CALL    Retardo_10micros
                      00363         
0667   1683           00364         BSF     STATUS,RP0              ; Pone a 1 el bit 5 del STATUS. Acceso al Banco 1.
0668   1208           00365         BCF     PORTD,4                 ; Coloca al puerto de datos como salida
0669   1288           00366         BCF     PORTD,5
066A   1308           00367         BCF     PORTD,6
066B   1388           00368         BCF     PORTD,7
066C   1283           00369         BCF     STATUS,RP0              ; Pone a 1 el bit 5 del STATUS. Acceso al Banco 1.
                      00370 
066D   26B7           00371         CALL    Retardo_10micros
                      00372 
066E   1088           00373         BCF     LCD_PinRS               ; Devuelve RS
066F   1851           00374         BTFSC   LCD_TEMPRS,0
0670   1488           00375         BSF     LCD_PinRS
                      00376 
0671   0008           00377         RETURN
                      00378 
                      00379         
MPASM  5.42                       RELOJMA.ASM   9-28-2014  11:00:19         PAGE 48


LOC  OBJECT CODE     LINE SOURCE TEXT
  VALUE

0672                  00380 LCD_DIBLOGO
0672   2650           00381         CALL    LCD_EspBF               ; Accede a CGRAM
0673   3040           00382         movlw   b'01000000'             ; 
0674   25E1           00383         call    LCD_EscribeLCD
0675   3000           00384         movlw   b'00000000'             
0676   25E1           00385         call    LCD_EscribeLCD
0677   26DA           00386         CALL    Retardo_2ms
0678   01B8           00387         CLRF    CONTLEDLCD
                      00388 
0679                  00389 LCD_DIBLOGO1
0679   300E           00390         MOVLW   0x0E                            ; Posición de la pagina de la tabla
067A   008A           00391         MOVWF   PCLATH
067B   0838           00392         MOVF    CONTLEDLCD,W
Message[306]: Crossing page boundary -- ensure page bits are set.
067C   2601           00393         CALL    LCD_DIBLOGORET
067D   018A           00394         CLRF    PCLATH
067E   25FC           00395         CALL    LCD_EnviaDato
067F   0AB8           00396         INCF    CONTLEDLCD,F
0680   3030           00397         MOVLW   d'48'
0681   0238           00398         SUBWF   CONTLEDLCD,W
0682   1D03           00399         BTFSS   STATUS,Z
0683   2E79           00400         GOTO    LCD_DIBLOGO1
                      00401         
0684   1088           00402         bcf     LCD_PinRS               ; Activa el Modo Comando poniendo RS=0.
0685   2650           00403         CALL    LCD_EspBF               ; Espera que no este ocupado
0686   3080           00404         movlw   b'10000000'     
0687   25E1           00405         call    LCD_EscribeLCD          ; Escribe el dato en el LCD.
0688   3000           00406         movlw   b'00000000'     
0689   25E1           00407         call    LCD_EscribeLCD
068A   0008           00408         RETURN                                          
                      00409 
068B                  00410 LCD_Leer
                      00411 
068B   1188           00412         BCF     LCD_PinEnable
068C   1488           00413         BSF     LCD_PinRS               
068D   1508           00414         BSF     LCD_PinRW               ; Modo lectura en la RAM
                      00415 
068E   1683           00416         BSF     STATUS,RP0              ; Pone a 1 el bit 5 del STATUS. Acceso al Banco 1.
068F   1608           00417         BSF     PORTD,4                 ; Coloca a los pines de datos como entrada
0690   1688           00418         BSF     PORTD,5
0691   1708           00419         BSF     PORTD,6
0692   1788           00420         BSF     PORTD,7
0693   1283           00421         BCF     STATUS,RP0              ; Pone a 1 el bit 5 del STATUS. Acceso al Banco 1.
0694   26B7           00422         CALL    Retardo_10micros
                      00423 
0695   1588           00424         BSF     LCD_PinEnable
0696   26B7           00425         CALL    Retardo_10micros
0697   0808           00426         MOVF    LCD_BusDatos,W
0698   00CC           00427         MOVWF   LCD_Dato
0699   1188           00428         BCF     LCD_PinEnable
069A   1108           00429         BCF     LCD_PinRW
069B   26B7           00430         CALL    Retardo_10micros
                      00431         
MPASM  5.42                       RELOJMA.ASM   9-28-2014  11:00:19         PAGE 49


LOC  OBJECT CODE     LINE SOURCE TEXT
  VALUE

069C   1683           00432         BSF     STATUS,RP0              ; Pone a 1 el bit 5 del STATUS. Acceso al Banco 1.
069D   1208           00433         BCF     PORTD,4                 ; Coloca al puerto de datos como salida
069E   1288           00434         BCF     PORTD,5
069F   1308           00435         BCF     PORTD,6
06A0   1388           00436         BCF     PORTD,7
06A1   1283           00437         BCF     STATUS,RP0              ; Pone a 1 el bit 5 del STATUS. Acceso al Banco 1.
                      00438 
06A2   26B7           00439         CALL    Retardo_10micros
                      00440 
06A3   1088           00441         BCF     LCD_PinRS               ; Devuelve RS
06A4   084C           00442         MOVF    LCD_Dato,W
06A5   39F0           00443         ANDLW   b'11110000'
06A6   0008           00444         RETURN
                      00445         
                      00446 
                      00447 
06A7                  00448 LCD_Borra                               ; Borra toda la pantalla, memoria DDRAM y pone el 
06A7   3001           00449         movlw   b'00000001'             ; cursor a principio de la línea 1.
06A8   00CD           00450         movwf   LCD_GuardaDato          ; Guarda el dato a enviar.
06A9   2650           00451         CALL    LCD_EspBF
06AA   1088           00452         bcf     LCD_PinRS               ; Activa el Modo Comando, poniendo RS=0.
                      00453 
06AB   00CD           00454         movwf   LCD_GuardaDato          ; Guarda el dato a enviar.
06AC   25E1           00455         call    LCD_EscribeLCD          ; Primero envía el nibble alto.
06AD   0E4D           00456         swapf   LCD_GuardaDato,W        ; Ahora envía el nibble bajo. Para ello pasa el
                      00457                                         ; nibble bajo del dato a enviar a parte alta del byte.
06AE   25E1           00458         call    LCD_EscribeLCD          ; Se envía al visualizador LCD.
06AF   26DA           00459         call    Retardo_2ms             ; 2 ms en modo comando y 50 µs en modo cáracter.
06B0   0850           00460         MOVF    LCD_TEMP,W
                      00461 
06B1   3017           00462         MOVLW   0x17
06B2   25F1           00463         CALL    LCD_PosicionLinea1
06B3   3055           00464         MOVLW   0x55                            ; Manda la letra 'U'=0x55 a un lugar donde no se ve
06B4   2606           00465         CALL    LCD_Caracter
06B5   25ED           00466         CALL    LCD_Linea1
06B6   0008           00467         return  
                      01851         INCLUDE "Librerias\RETARDOS.INC"
                      00001 ;**************************** Librería "RETARDOS.INC" *********************************
                      00002 ;
                      00003 ;       ===================================================================
                      00004 ;         Del libro "MICROCONTROLADOR PIC16F84. DESARROLLO DE PROYECTOS"
                      00005 ;         E. Palacios, F. Remiro y L. López.
                      00006 ;         Editorial Ra-Ma.  www.ra-ma.es
                      00007 ;       ===================================================================
                      00008 ;
                      00009 ; Librería con múltiples subrutinas de retardos, desde 4 microsegundos hasta 20 segundos. 
                      00010 ; Además se pueden implementar otras subrutinas muy fácilmente.
                      00011 ;
                      00012 ; Se han calculado para un sistema microcontrolador con un PIC trabajando con un cristal
                      00013 ; de cuarzo a 4 MHz. Como cada ciclo máquina son 4 ciclos de reloj, resulta que cada
                      00014 ; ciclo máquina tarda 4 x 1/4MHz = 1 µs.
                      00015 ;
                      00016 ; En los comentarios, "cm" significa "ciclos máquina".
MPASM  5.42                       RELOJMA.ASM   9-28-2014  11:00:19         PAGE 50


LOC  OBJECT CODE     LINE SOURCE TEXT
  VALUE

                      00017 ;
                      00018 ; ZONA DE DATOS *********************************************************************
                      00019 
                      00020         CBLOCK
  00000052            00021         R_ContA                         ; Contadores para los retardos.
  00000053            00022         R_ContB
  00000054            00023         R_ContC
  00000055            00024         R_ContSeg
                      00025         ENDC
                      00026 ;
                      00027 ; RETARDOS de 4 hasta 10 microsegundos ---------------------------------------------------
                      00028 ;
                      00029 ; A continuación retardos pequeños teniendo en cuenta que para una frecuencia de 4 MHZ,
                      00030 ; la llamada a subrutina "call" tarda 2 ciclos máquina, el retorno de subrutina
                      00031 ; "return" toma otros 2 ciclos máquina y cada instrucción "nop" tarda 1 ciclo máquina.
                      00032 ;
06B7                  00033 Retardo_10micros                                ; La llamada "call" aporta 2 ciclos máquina.
06B7   0000           00034         nop                             ; Aporta 1 ciclo máquina.
06B8   0000           00035         nop                             ; Aporta 1 ciclo máquina.
06B9   0000           00036         nop                             ; Aporta 1 ciclo máquina.
06BA   0000           00037         nop                             ; Aporta 1 ciclo máquina.
06BB   0000           00038         nop                             ; Aporta 1 ciclo máquina.
06BC                  00039 Retardo_5micros                         ; La llamada "call" aporta 2 ciclos máquina.
06BC   0000           00040         nop                             ; Aporta 1 ciclo máquina.
06BD                  00041 Retardo_4micros                         ; La llamada "call" aporta 2 ciclos máquina.
06BD   0008           00042         return                          ; El salto del retorno aporta 2 ciclos máquina.
                      00043 ;
                      00044 ; RETARDOS de 20 hasta 500 microsegundos ------------------------------------------------
                      00045 ;
06BE                  00046 Retardo_500micros                               ; La llamada "call" aporta 2 ciclos máquina.
06BE   0000           00047         nop                             ; Aporta 1 ciclo máquina.
06BF   30A4           00048         movlw   d'164'                  ; Aporta 1 ciclo máquina. Este es el valor de "K".
06C0   2ECA           00049         goto    RetardoMicros           ; Aporta 2 ciclos máquina.
06C1                  00050 Retardo_200micros                               ; La llamada "call" aporta 2 ciclos máquina.
06C1   0000           00051         nop                             ; Aporta 1 ciclo máquina.
06C2   3040           00052         movlw   d'64'                   ; Aporta 1 ciclo máquina. Este es el valor de "K".
06C3   2ECA           00053         goto    RetardoMicros           ; Aporta 2 ciclos máquina.
06C4                  00054 Retardo_100micros                               ; La llamada "call" aporta 2 ciclos máquina.
06C4   301F           00055         movlw   d'31'                   ; Aporta 1 ciclo máquina. Este es el valor de "K".
06C5   2ECA           00056         goto    RetardoMicros           ; Aporta 2 ciclos máquina.
06C6                  00057 Retardo_50micros                                ; La llamada "call" aporta 2 ciclos máquina.
06C6   0000           00058         nop                             ; Aporta 1 ciclo máquina.
06C7   300E           00059         movlw   d'14'                   ; Aporta 1 ciclo máquina. Este es el valor de "K".
06C8   2ECA           00060         goto    RetardoMicros           ; Aporta 2 ciclos máquina.
06C9                  00061 Retardo_20micros                                ; La llamada "call" aporta 2 ciclos máquina.
06C9   3005           00062         movlw   d'5'                    ; Aporta 1 ciclo máquina. Este es el valor de "K".
                      00063 ;
                      00064 ; El próximo bloque "RetardoMicros" tarda:
                      00065 ; 1 + (K-1) + 2 + (K-1)x2 + 2 = (2 + 3K) ciclos máquina.
                      00066 ;
06CA                  00067 RetardoMicros
06CA   00D2           00068         movwf   R_ContA                 ; Aporta 1 ciclo máquina.
06CB                  00069 Rmicros_Bucle
MPASM  5.42                       RELOJMA.ASM   9-28-2014  11:00:19         PAGE 51


LOC  OBJECT CODE     LINE SOURCE TEXT
  VALUE

06CB   0BD2           00070         decfsz  R_ContA,F               ; (K-1)x1 cm (cuando no salta) + 2 cm (al saltar).
06CC   2ECB           00071         goto    Rmicros_Bucle           ; Aporta (K-1)x2 ciclos máquina.
06CD   0008           00072         return                          ; El salto del retorno aporta 2 ciclos máquina.
                      00073 ;
                      00074 ;En total estas subrutinas tardan:
                      00075 ; - Retardo_500micros:  2 + 1 + 1 + 2 + (2 + 3K) = 500 cm = 500 µs. (para K=164 y 4 MHz).
                      00076 ; - Retardo_200micros:  2 + 1 + 1 + 2 + (2 + 3K) = 200 cm = 200 µs. (para K= 64 y 4 MHz).
                      00077 ; - Retardo_100micros:  2     + 1 + 2 + (2 + 3K) = 100 cm = 100 µs. (para K= 31 y 4 MHz).
                      00078 ; - Retardo_50micros :  2 + 1 + 1 + 2 + (2 + 3K) =  50 cm =  50 µs. (para K= 14 y 4 MHz).
                      00079 ; - Retardo_20micros :  2     + 1     + (2 + 3K) =  20 cm =  20 µs. (para K=  5 y 4 MHz).
                      00080 ;
                      00081 ; RETARDOS de 1 ms hasta 200 ms. --------------------------------------------------------
                      00082 ;
06CE                  00083 Retardo_200ms                           ; La llamada "call" aporta 2 ciclos máquina.
06CE   30C8           00084         movlw   d'200'                  ; Aporta 1 ciclo máquina. Este es el valor de "M".
06CF   2EDD           00085         goto    Retardos_ms             ; Aporta 2 ciclos máquina.
06D0                  00086 Retardo_100ms                           ; La llamada "call" aporta 2 ciclos máquina.
06D0   3064           00087         movlw   d'100'                  ; Aporta 1 ciclo máquina. Este es el valor de "M".
06D1   2EDD           00088         goto    Retardos_ms             ; Aporta 2 ciclos máquina.
06D2                  00089 Retardo_50ms                            ; La llamada "call" aporta 2 ciclos máquina.
06D2   3032           00090         movlw   d'50'                   ; Aporta 1 ciclo máquina. Este es el valor de "M".
06D3   2EDD           00091         goto    Retardos_ms             ; Aporta 2 ciclos máquina.
06D4                  00092 Retardo_20ms                            ; La llamada "call" aporta 2 ciclos máquina.
06D4   3014           00093         movlw   d'20'                   ; Aporta 1 ciclo máquina. Este es el valor de "M".
06D5   2EDD           00094         goto    Retardos_ms             ; Aporta 2 ciclos máquina.
06D6                  00095 Retardo_10ms                            ; La llamada "call" aporta 2 ciclos máquina.
06D6   300A           00096         movlw   d'10'                   ; Aporta 1 ciclo máquina. Este es el valor de "M".
06D7   2EDD           00097         goto    Retardos_ms             ; Aporta 2 ciclos máquina.
06D8                  00098 Retardo_5ms                             ; La llamada "call" aporta 2 ciclos máquina.
06D8   3005           00099         movlw   d'5'                    ; Aporta 1 ciclo máquina. Este es el valor de "M".
06D9   2EDD           00100         goto    Retardos_ms             ; Aporta 2 ciclos máquina.
06DA                  00101 Retardo_2ms                             ; La llamada "call" aporta 2 ciclos máquina.
06DA   3002           00102         movlw   d'2'                    ; Aporta 1 ciclo máquina. Este es el valor de "M".
06DB   2EDD           00103         goto    Retardos_ms             ; Aporta 2 ciclos máquina.
06DC                  00104 Retardo_1ms                             ; La llamada "call" aporta 2 ciclos máquina.
06DC   3001           00105         movlw   d'1'                    ; Aporta 1 ciclo máquina. Este es el valor de "M".
                      00106 ;
                      00107 ; El próximo bloque "Retardos_ms" tarda:
                      00108 ; 1 + M + M + KxM + (K-1)xM + Mx2 + (K-1)Mx2 + (M-1) + 2 + (M-1)x2 + 2 =
                      00109 ; = (2 + 4M + 4KM) ciclos máquina. Para K=249 y M=1 supone 1002 ciclos máquina
                      00110 ; que a 4 MHz son 1002 µs = 1 ms.
                      00111 ;
06DD                  00112 Retardos_ms
06DD   00D3           00113         movwf   R_ContB                 ; Aporta 1 ciclo máquina.
06DE                  00114 R1ms_BucleExterno
06DE   30F9           00115         movlw   d'249'                  ; Aporta Mx1 ciclos máquina. Este es el valor de "K".
06DF   00D2           00116         movwf   R_ContA                 ; Aporta Mx1 ciclos máquina.
06E0                  00117 R1ms_BucleInterno
06E0   0000           00118         nop                             ; Aporta KxMx1 ciclos máquina.
06E1   0BD2           00119         decfsz  R_ContA,F               ; (K-1)xMx1 cm (cuando no salta) + Mx2 cm (al saltar).
06E2   2EE0           00120         goto    R1ms_BucleInterno               ; Aporta (K-1)xMx2 ciclos máquina.
06E3   0BD3           00121         decfsz  R_ContB,F               ; (M-1)x1 cm (cuando no salta) + 2 cm (al saltar).
06E4   2EDE           00122         goto    R1ms_BucleExterno       ; Aporta (M-1)x2 ciclos máquina.
MPASM  5.42                       RELOJMA.ASM   9-28-2014  11:00:19         PAGE 52


LOC  OBJECT CODE     LINE SOURCE TEXT
  VALUE

06E5   0008           00123         return                          ; El salto del retorno aporta 2 ciclos máquina.
                      00124 ;
                      00125 ;En total estas subrutinas tardan:
                      00126 ; - Retardo_200ms:      2 + 1 + 2 + (2 + 4M + 4KM) = 200007 cm = 200 ms. (M=200 y K=249).
                      00127 ; - Retardo_100ms:      2 + 1 + 2 + (2 + 4M + 4KM) = 100007 cm = 100 ms. (M=100 y K=249).
                      00128 ; - Retardo_50ms :      2 + 1 + 2 + (2 + 4M + 4KM) =  50007 cm =  50 ms. (M= 50 y K=249).
                      00129 ; - Retardo_20ms :      2 + 1 + 2 + (2 + 4M + 4KM) =  20007 cm =  20 ms. (M= 20 y K=249).
                      00130 ; - Retardo_10ms :      2 + 1 + 2 + (2 + 4M + 4KM) =  10007 cm =  10 ms. (M= 10 y K=249).
                      00131 ; - Retardo_5ms  :      2 + 1 + 2 + (2 + 4M + 4KM) =   5007 cm =   5 ms. (M=  5 y K=249).
                      00132 ; - Retardo_2ms  :      2 + 1 + 2 + (2 + 4M + 4KM) =   2007 cm =   2 ms. (M=  2 y K=249).
                      00133 ; - Retardo_1ms  :      2 + 1     + (2 + 4M + 4KM) =   1005 cm =   1 ms. (M=  1 y K=249).
                      00134 ;
                      00135 ; RETARDOS de 0.5 hasta 20 segundos ---------------------------------------------------
                      00136 ;
06E6                  00137 Retardo_20s                             ; La llamada "call" aporta 2 ciclos máquina.
06E6   30C8           00138         movlw   d'200'                  ; Aporta 1 ciclo máquina. Este es el valor de "N".
06E7   2EF1           00139         goto    Retardo_1Decima         ; Aporta 2 ciclos máquina.
06E8                  00140 Retardo_10s                             ; La llamada "call" aporta 2 ciclos máquina.
06E8   3064           00141         movlw   d'100'                  ; Aporta 1 ciclo máquina. Este es el valor de "N".
06E9   2EF1           00142         goto    Retardo_1Decima         ; Aporta 2 ciclos máquina.
06EA                  00143 Retardo_5s                              ; La llamada "call" aporta 2 ciclos máquina.
06EA   3032           00144         movlw   d'50'                   ; Aporta 1 ciclo máquina. Este es el valor de "N".
06EB   2EF1           00145         goto    Retardo_1Decima         ; Aporta 2 ciclos máquina.
06EC                  00146 Retardo_2s                              ; La llamada "call" aporta 2 ciclos máquina.
06EC   3014           00147         movlw   d'20'                   ; Aporta 1 ciclo máquina. Este es el valor de "N".
06ED   2EF1           00148         goto    Retardo_1Decima         ; Aporta 2 ciclos máquina.
06EE                  00149 Retardo_1s                              ; La llamada "call" aporta 2 ciclos máquina.
06EE   300A           00150         movlw   d'10'                   ; Aporta 1 ciclo máquina. Este es el valor de "N".
06EF   2EF1           00151         goto    Retardo_1Decima         ; Aporta 2 ciclos máquina.
06F0                  00152 Retardo_500ms                           ; La llamada "call" aporta 2 ciclos máquina.
06F0   3005           00153         movlw   d'5'                    ; Aporta 1 ciclo máquina. Este es el valor de "N".
                      00154 ;
                      00155 ; El próximo bloque "Retardo_1Decima" tarda:
                      00156 ; 1 + N + N + MxN + MxN + KxMxN + (K-1)xMxN + MxNx2 + (K-1)xMxNx2 +
                      00157 ;   + (M-1)xN + Nx2 + (M-1)xNx2 + (N-1) + 2 + (N-1)x2 + 2 =
                      00158 ; = (2 + 4M + 4MN + 4KM) ciclos máquina. Para K=249, M=100 y N=1 supone 100011
                      00159 ; ciclos máquina que a 4 MHz son 100011 µs = 100 ms = 0,1 s = 1 décima de segundo.
                      00160 ;
06F1                  00161 Retardo_1Decima
06F1   0064           00162         CLRWDT                          ; Resetea el WDT
06F2   00D4           00163         movwf   R_ContC                 ; Aporta 1 ciclo máquina.
06F3                  00164 R1Decima_BucleExterno2
06F3   3064           00165         movlw   d'100'                  ; Aporta Nx1 ciclos máquina. Este es el valor de "M".
06F4   00D3           00166         movwf   R_ContB                 ; Aporta Nx1 ciclos máquina.
06F5                  00167 R1Decima_BucleExterno
06F5   30F9           00168         movlw   d'249'                  ; Aporta MxNx1 ciclos máquina. Este es el valor de "K".
06F6   00D2           00169         movwf   R_ContA                 ; Aporta MxNx1 ciclos máquina.
06F7                  00170 R1Decima_BucleInterno          
06F7   0000           00171         nop                             ; Aporta KxMxNx1 ciclos máquina.
06F8   0BD2           00172         decfsz  R_ContA,F               ; (K-1)xMxNx1 cm (si no salta) + MxNx2 cm (al saltar).
06F9   2EF7           00173         goto    R1Decima_BucleInterno   ; Aporta (K-1)xMxNx2 ciclos máquina.
06FA   0BD3           00174         decfsz  R_ContB,F               ; (M-1)xNx1 cm (cuando no salta) + Nx2 cm (al saltar).
06FB   2EF5           00175         goto    R1Decima_BucleExterno   ; Aporta (M-1)xNx2 ciclos máquina.
MPASM  5.42                       RELOJMA.ASM   9-28-2014  11:00:19         PAGE 53


LOC  OBJECT CODE     LINE SOURCE TEXT
  VALUE

06FC   0BD4           00176         decfsz  R_ContC,F               ; (N-1)x1 cm (cuando no salta) + 2 cm (al saltar).
06FD   2EF3           00177         goto    R1Decima_BucleExterno2  ; Aporta (N-1)x2 ciclos máquina.
06FE   0008           00178         return                          ; El salto del retorno aporta 2 ciclos máquina.
                      00179 ;
                      00180 ;En total estas subrutinas tardan:
                      00181 ; - Retardo_20s:        2 + 1 + 2 + (2 + 4N + 4MN + 4KMN) = 20000807 cm = 20 s.
                      00182 ;                       (N=200, M=100 y K=249).
                      00183 ; - Retardo_10s:        2 + 1 + 2 + (2 + 4N + 4MN + 4KMN) = 10000407 cm = 10 s.
                      00184 ;                       (N=100, M=100 y K=249).
                      00185 ; - Retardo_5s:         2 + 1 + 2 + (2 + 4N + 4MN + 4KMN) =  5000207 cm =  5 s.
                      00186 ;                       (N= 50, M=100 y K=249).
                      00187 ; - Retardo_2s:         2 + 1 + 2 + (2 + 4N + 4MN + 4KMN) =  2000087 cm =  2 s.
                      00188 ;                       (N= 20, M=100 y K=249).
                      00189 ; - Retardo_1s:         2 + 1 + 2 + (2 + 4N + 4MN + 4KMN) =  1000047 cm =  1 s.
                      00190 ;                       (N= 10, M=100 y K=249).
                      00191 ; - Retardo_500ms:      2 + 1     + (2 + 4N + 4MN + 4KMN) =   500025 cm = 0,5 s.
                      00192 ;                       (N=  5, M=100 y K=249).
                      00193 
                      00194 ;       ===================================================================
                      00195 ;         Del libro "MICROCONTROLADOR PIC16F84. DESARROLLO DE PROYECTOS"
                      00196 ;         E. Palacios, F. Remiro y L. López.
                      00197 ;         Editorial Ra-Ma.  www.ra-ma.es
                      00198 ;       ===================================================================
                      00199 
                      00200 
                      00201 
06FF                  00202 Retardo_wseg
06FF   390F           00203         ANDLW           b'00001111'
0700   00D5           00204         MOVWF           R_ContSeg
0701   0AD5           00205         INCF            R_ContSeg,F
0702                  00206 Retardo_wseg1
0702   0064           00207         CLRWDT
0703   26EE           00208         CALL            Retardo_1s
0704   0BD5           00209         DECFSZ          R_ContSeg,F
0705   2F02           00210         GOTO            Retardo_wseg1
0706   0008           00211         RETURN
                      00212         
                      01852         INCLUDE "Librerias\BUS_I2C.INC"
                      00001 ;**************************** Librería "BUS_I2C.INC" ************************************
                      00002 ;
                      00003 ;       ===================================================================
                      00004 ;         Del libro "MICROCONTROLADOR PIC16F84. DESARROLLO DE PROYECTOS"
                      00005 ;         E. Palacios, F. Remiro y L. López.
                      00006 ;         Editorial Ra-Ma.  www.ra-ma.es
                      00007 ;       ===================================================================
                      00008 ;
                      00009 ; Estas subrutinas permiten realizar las tareas básicas de control del bus serie I2C, 
                      00010 ; por parte de un solo microcontrolador maestro.
                      00011 ;
                      00012 ; ZONA DE DATOS **********************************************************************
                      00013 ;
                      00014         CBLOCK
  00000056            00015         I2C_ContadorBits                ; Cuenta los bits a transmitir o a recibir.
MPASM  5.42                       RELOJMA.ASM   9-28-2014  11:00:19         PAGE 54


LOC  OBJECT CODE     LINE SOURCE TEXT
  VALUE

  00000057            00016         I2C_Dato                        ; Dato a transmitir o recibido.
  00000058            00017         I2C_Flags                       ; Guarda la información del estado del bus I2C.
                      00018         ENDC
                      00019 
                      00020 #DEFINE I2C_UltimoByteLeer      I2C_Flags,0
                      00021 ;    -  (I2C_UltimoByteLeer)=0, NO es el último byte a leer por el maestro.
                      00022 ;    -  (I2C_UltimoByteLeer)=1, SÍ es el último byte a leer por el maestro.
                      00023 
                      00024 ; La definición de las líneas SCL y SDA del bus I2C se puede cambiar según las
                      00025 ; necesidades del hardware.
                      00026 
                      00027 #DEFINE SCL     PORTA,3                 ; Línea SCL del bus I2C.
                      00028 #DEFINE SDA     PORTA,4                 ; Línea SDA del bus I2C.
                      00029 ;
                      00030 ; Subrutina "SDA_Bajo" -------------------------------------------------------------------------------
                      00031 ;
0707                  00032 SDA_Bajo
0707   1683           00033         bsf     STATUS,RP0              ; Configura la línea SDA como salida.
0708   1205           00034         bcf     SDA
0709   1283           00035         bcf     STATUS,RP0
070A   1205           00036         bcf     SDA                     ; SDA en bajo.
070B   0008           00037         return
                      00038 ;
                      00039 ; Subrutina "SDA_AltaImpedancia" --------------------------------------------------------
                      00040 ;
070C                  00041 SDA_AltaImpedancia
070C   1683           00042         bsf     STATUS,RP0              ; Configura la línea SDA entrada.
070D   1605           00043         bsf     SDA                     ; Lo pone en alta impedancia y, gracias a la
070E   1283           00044         bcf     STATUS,RP0              ; Rp de esta línea, se mantiene a nivel alto.
070F   0008           00045         return
                      00046 ;
                      00047 ; Subrutina "SCL_Bajo" ------------------------------------------------------------------
                      00048 ;
0710                  00049 SCL_Bajo
0710   1683           00050         bsf     STATUS,RP0
0711   1185           00051         bcf     SCL                     ; Configura la línea SCL como salida.
0712   1283           00052         bcf     STATUS,RP0
0713   1185           00053         bcf     SCL                     ; La línea de reloj SCL en bajo.
0714   0008           00054         return
                      00055 ;
                      00056 ; Subrutina "SCL_AltaImpedancia" --------------------------------------------------------
                      00057 ;
0715                  00058 SCL_AltaImpedancia
0715   1683           00059         bsf     STATUS,RP0              ; Configura la línea SCL entrada.
0716   1585           00060         bsf     SCL                     ; Lo pone en alta impedancia y, gracias a la Rp
0717   1283           00061         bcf     STATUS,RP0              ; de esta línea, se mantiene a nivel alto.
0718                  00062 SCL_EsperaNivelAlto
0718   1D85           00063         btfss   SCL                     ; Si algún esclavo mantiene esta línea en bajo
0719   2F18           00064         goto    SCL_EsperaNivelAlto     ; hay que esperar.
071A   0008           00065         return
                      00066 ;
                      00067 ; Subrutina "I2C_EnviaStart" ------------------------------------------------------------
                      00068 ;
MPASM  5.42                       RELOJMA.ASM   9-28-2014  11:00:19         PAGE 55


LOC  OBJECT CODE     LINE SOURCE TEXT
  VALUE

                      00069 ; Esta subrutina envía una condición de Start o inicio.
                      00070 ;
071B                  00071 I2C_EnviaStart
071B   270C           00072         call    SDA_AltaImpedancia      ; Línea SDA en alto.
071C   2715           00073         call    SCL_AltaImpedancia      ; Línea SCL en alto.
071D   26BD           00074         call    Retardo_4micros         ; Tiempo tBUF del protocolo.
071E   2707           00075         call    SDA_Bajo                ; Flanco de bajada de SDA mientras SCL está alto.
071F   26BD           00076         call    Retardo_4micros         ; Tiempo tHD;STA del protocolo.
0720   2710           00077         call    SCL_Bajo                ; Flanco de bajada del reloj SCL.
0721   26BD           00078         call    Retardo_4micros 
0722   0008           00079         return
                      00080 ;
                      00081 ; Subrutina "I2C_EnviaStop" -------------------------------------------------------------
                      00082 ;
                      00083 ; Esta subrutina envía un condición de Stop o parada.
                      00084 ;
0723                  00085 I2C_EnviaStop
0723   2707           00086         call    SDA_Bajo
0724   2715           00087         call    SCL_AltaImpedancia      ; Flanco de subida de SCL.
0725   26BD           00088         call    Retardo_4micros         ; Tiempo tSU;STO del protocolo.
0726   270C           00089         call    SDA_AltaImpedancia      ; Flanco de subida de SDA.
0727   26BD           00090         call    Retardo_4micros         ; Tiempo tBUF del protocolo.
0728   0008           00091         return
                      00092 ;
                      00093 ; Subrutina "I2C_EnviaByte" -------------------------------------------------------------
                      00094 ;
                      00095 ; El microcontrolador maestro transmite un byte por el bus I2C, comenzando por el bit
                      00096 ; MSB. El byte a transmitir debe estar cargado previamente en el registro de trabajo W.
                      00097 ; De la subrutina ejecutada anteriormente I2C_EnviaStart o esta misma I2C_EnviaByte, 
                      00098 ; la línea SCL se debe encontrar a nivel bajo al menos durante 5 µs.
                      00099 ;
0729                  00100 I2C_EnviaByte
0729   00D7           00101         movwf   I2C_Dato                        ; Almacena el byte a transmitir.
072A   3008           00102         movlw   0x08                    ; A transmitir 8 bits.
072B   00D6           00103         movwf   I2C_ContadorBits
072C                  00104 I2C_EnviaBit
072C   0DD7           00105         rlf     I2C_Dato,F              ; Chequea el bit, llevándolo previamente al Carry.
072D   1803           00106         btfsc   STATUS,C
072E   2F31           00107         goto    I2C_EnviaUno
072F                  00108 I2C_EnviaCero
072F   2707           00109         call    SDA_Bajo                ; Si es "0" envía un nivel bajo.
0730   2F32           00110         goto    I2C_FlancoSCL
0731                  00111 I2C_EnviaUno
0731   270C           00112         call    SDA_AltaImpedancia      ; Si es "1" lo activará a alto.
0732                  00113 I2C_FlancoSCL
0732   2715           00114         call    SCL_AltaImpedancia      ; Flanco de subida del SCL.
0733   26BD           00115         call    Retardo_4micros         ; Tiempo tHIGH del protocolo.
0734   2710           00116         call    SCL_Bajo                ; Termina el semiperiodo positivo del reloj.
0735   26BD           00117         call    Retardo_4micros         ; Tiempo tHD;DAT del protocolo.
0736   0BD6           00118         decfsz  I2C_ContadorBits,F              ; Lazo para los ocho bits.
0737   2F2C           00119         goto    I2C_EnviaBit
                      00120 ;
0738   270C           00121         call    SDA_AltaImpedancia      ; Libera la línea de datos.
MPASM  5.42                       RELOJMA.ASM   9-28-2014  11:00:19         PAGE 56


LOC  OBJECT CODE     LINE SOURCE TEXT
  VALUE

0739   2715           00122         call    SCL_AltaImpedancia      ; Pulso en alto de reloj para que el esclavo
073A   26BD           00123         call    Retardo_4micros         ; pueda enviar el bit ACK.
073B   2710           00124         call    SCL_Bajo
073C   26BD           00125         call    Retardo_4micros
073D   0008           00126         return
                      00127 ;
                      00128 ; Subrutina "I2C_LeeByte" ---------------------------------------------------------------
                      00129 ;
                      00130 ; El microcontrolador maestro lee un byte desde el esclavo conectado al bus I2C. El dato
                      00131 ; recibido se carga en el registro I2C_Dato y lo envía a la subrutina superior a través
                      00132 ; del registro W. Se empieza a leer por el bit de mayor peso MSB.
                      00133 ; De alguna de las subrutinas ejecutadas anteriormente I2C_EnviaStart, I2C_EnviaByte
                      00134 ; o esta misma I2C_LeeByte, la línea SCL lleva en bajo al menos 5 µs.
                      00135 
073E                  00136 I2C_LeeByte
073E   3008           00137         movlw   0x08                    ; A recibir 8 bits.
073F   00D6           00138         movwf   I2C_ContadorBits
0740   270C           00139         call    SDA_AltaImpedancia      ; Deja libre la línea de datos.
0741                  00140 I2C_LeeBit
0741   2715           00141         call    SCL_AltaImpedancia      ; Flanco de subida del reloj.
0742   1003           00142         bcf     STATUS,C                ; En principio supone que es "0".
0743   1A05           00143         btfsc   SDA                     ; Lee el bit
0744   1403           00144         bsf     STATUS,C                ; Si es "1" carga 1 en el Carry.
0745   0DD7           00145         rlf     I2C_Dato,F              ; Lo introduce en el registro.
0746   2710           00146         call    SCL_Bajo                ; Termina el semiperiodo positivo del reloj.
0747   26BD           00147         call    Retardo_4micros         ; Tiempo tHD;DAT del protocolo.
0748   0BD6           00148         decfsz  I2C_ContadorBits,F              ; Lazo para los 8 bits.
0749   2F41           00149         goto    I2C_LeeBit
                      00150 ;
                      00151 ; Chequea si este es el último byte a leer para enviar o no el bit de reconocimiento
                      00152 ; ACK en consecuencia.
                      00153 ;
074A   1C58           00154         btfss   I2C_UltimoByteLeer      ; Si es el último, no debe enviar
                      00155                                         ; el bit de reconocimiento ACK.
074B   2707           00156         call    SDA_Bajo                ; Envía el bit de reconocimiento ACK
                      00157                                         ; porque todavía no es el último byte a leer.
074C   2715           00158         call    SCL_AltaImpedancia      ; Pulso en alto del SCL para transmitir el
074D   26BD           00159         call    Retardo_4micros         ; bit ACK de reconocimiento. Este es tHIGH.
074E   2710           00160         call    SCL_Bajo                ; Pulso de bajada del SCL.
074F   26BD           00161         call    Retardo_4micros
0750   0857           00162         movf    I2C_Dato,W              ; El resultado se manda en el registro de
0751   0008           00163         return                          ; de trabajo W.
                      00164         
                      00165 ;       ===================================================================
                      00166 ;         Del libro "MICROCONTROLADOR PIC16F84. DESARROLLO DE PROYECTOS"
                      00167 ;         E. Palacios, F. Remiro y L. López.
                      00168 ;         Editorial Ra-Ma.  www.ra-ma.es
                      00169 ;       ===================================================================
                      01853         INCLUDE "Librerias\DS1307.INC"
                      00001 ;******************************** Librería DS1307.INC ***********************************
                      00002 ;
                      00003 ;       ===================================================================
                      00004 ;         Del libro "MICROCONTROLADOR PIC16F84. DESARROLLO DE PROYECTOS"
MPASM  5.42                       RELOJMA.ASM   9-28-2014  11:00:19         PAGE 57


LOC  OBJECT CODE     LINE SOURCE TEXT
  VALUE

                      00005 ;         E. Palacios, F. Remiro y L. López.
                      00006 ;         Editorial Ra-Ma.  www.ra-ma.es
                      00007 ;       ===================================================================
                      00008 ;
                      00009 ; Estas subrutinas permiten realizar las tareas de manejo del reloj-calendario DS1307
                      00010 ; Este dispositivo transmite la información vía serie a través de un bus I2C.
                      00011 ;
                      00012 ; ZONA DE DATOS **********************************************************************
                      00013 
                      00014         CBLOCK
  00000059            00015         Anho                            ; Guarda el año.
  0000005A            00016         Mes                             ; Guarda el mes.
  0000005B            00017         Dia                             ; Guarda el día.
  0000005C            00018         DiaSemana                       ; Guarda el día de la semana: lunes, etc.
  0000005D            00019         Hora                            ; Guarda las horas.
  0000005E            00020         Minuto                          ; Guarda los minutos.
  0000005F            00021         Segundo                         ; Guarda los segundos.
                      00022         ENDC
                      00023 
  000000D0            00024 DS1307_DireccionEscritura       EQU     0xD0    ; Dirección del DS1307.
  000000D1            00025 DS1307_DireccionLectura EQU     0xD1
                      00026  
                      00027 ; Subrutina "DS1307_Inicializa" ---------------------------------------------------------
                      00028 ;
                      00029 ; Configura la señal cuadrada que genera el DS1307 en su pin SQW/OUT a 1 Hz.
                      00030 
0752                  00031 DS1307_Inicializa
0752   271B           00032         call    I2C_EnviaStart          ; Envía condición de Start.
0753   30D0           00033         movlw   DS1307_DireccionEscritura       ; Indica al DS1307 que el byte a escribir,
0754   2729           00034         call    I2C_EnviaByte           ; está en la posición 07h, que corresponde
0755   3007           00035         movlw   0x07                    ; al control de la señal cuadrada.
0756   2729           00036         call    I2C_EnviaByte
0757   3010           00037         movlw   b'00010000'             ; Escribe en el registro de control para
0758   2729           00038         call    I2C_EnviaByte           ; configurar onda cuadrada del DS1307 a 1 Hz.
0759   2723           00039         call    I2C_EnviaStop           ; Termina de enviar datos.
075A   0008           00040         return
                      00041 
                      00042 ; Subrutina "DS1307_Lee" ----------------------------------------------------------------
                      00043 ;
                      00044 ; Se leen las variables de tiempo del DS1307 y se guardan en los registros correspondientes.
                      00045 ;
075B                  00046 DS1307_Lee
075B   1058           00047         bcf     I2C_UltimoByteLeer
075C   271B           00048         call    I2C_EnviaStart          ; Envía condición de Start.
075D   30D0           00049         movlw   DS1307_DireccionEscritura       ; Indica al DS1307 que el primer byte
075E   2729           00050         call    I2C_EnviaByte           ; a leer está en la posición 00H, que corresponde
075F   3000           00051         movlw   0x00                    ; a los segundos.
0760   2729           00052         call    I2C_EnviaByte
0761   2723           00053         call    I2C_EnviaStop           ; Envía condición de Stop.
                      00054                                         ; Ahora va a leer el DS1307.
0762   271B           00055         call    I2C_EnviaStart          ; Envía condición de Start.
0763   30D1           00056         movlw   DS1307_DireccionLectura
0764   2729           00057         call    I2C_EnviaByte
MPASM  5.42                       RELOJMA.ASM   9-28-2014  11:00:19         PAGE 58


LOC  OBJECT CODE     LINE SOURCE TEXT
  VALUE

0765   273E           00058         call    I2C_LeeByte             ; Lee los segundos.
0766   00DF           00059         movwf   Segundo                 ; Lo carga en el registro correspondiente.
0767   273E           00060         call    I2C_LeeByte             ; Lee el resto de los registros utilizando
0768   397F           00061         andlw   b'01111111'
0769   00DE           00062         movwf   Minuto                  ; el mismo procedimiento.
076A   273E           00063         call    I2C_LeeByte
076B   393F           00064         andlw   b'00111111'
076C   00DD           00065         movwf   Hora
076D   273E           00066         call    I2C_LeeByte
076E   00DC           00067         movwf   DiaSemana
076F   273E           00068         call    I2C_LeeByte
0770   00DB           00069         movwf   Dia
0771   273E           00070         call    I2C_LeeByte
0772   00DA           00071         movwf   Mes
0773   1458           00072         bsf     I2C_UltimoByteLeer      ; Para terminar.
0774   273E           00073         call    I2C_LeeByte
0775   00D9           00074         movwf   Anho
0776   2723           00075         call    I2C_EnviaStop           ; Acaba de leer.
0777   0008           00076         return
                      00077 
                      00078 ; Subrutina "DS1307_CargaInicial" -------------------------------------------------------
                      00079 ;
                      00080 ; Realiza una carga inicial en los registros internos del reloj-calendario DS1307 a fecha
                      00081 ; Lunes, 1 de Enero de 2004 a las 0:00:00.
                      00082 ;
0778                  00083 DS1307_CargaInicial
0778   3001           00084         movlw   .1                      ; Inicializa todos los datos del reloj: Año, mes,
0779   00DB           00085         movwf   Dia                     ; día, día de la semana, hora, minuto y segundo.
077A   3001           00086         movlw   .1
077B   00DA           00087         movwf   Mes
077C   00DC           00088         movwf   DiaSemana
077D   3012           00089         movlw   0x12
077E   00D9           00090         movwf   Anho                    ; Inicializa en el año 2011.
077F   01DD           00091         clrf    Hora
0780   01DE           00092         clrf    Minuto
0781   01DF           00093         clrf    Segundo                 ; Después lo graba en el DS1307 para
                      00094 ;       call    DS1307_Escribe          ; ponerlo en marcha.
                      00095 ;       return
                      00096 ;
                      00097 ; Subrutina "DS1307_Escribe" ----------------------------------------------------------------
                      00098 ;
                      00099 ; Carga los datos de los registros Anho, Mes, etc., dentro del DS1307.
                      00100 
0782                  00101 DS1307_Escribe
0782   271B           00102         call    I2C_EnviaStart          ; Envía condición de Start.
0783   30D0           00103         movlw   DS1307_DireccionEscritura       ; Indica al DS1307 que el primer byte a escribir
0784   2729           00104         call    I2C_EnviaByte           ; está en la posición 00h que corresponde
0785   3000           00105         movlw   0x00                    ; a los segundos.
0786   2729           00106         call    I2C_EnviaByte
0787   085F           00107         movf    Segundo,W               ; Pasa los segundos de la memoria del PIC16F84A al
0788   2729           00108         call    I2C_EnviaByte           ; DS1307.
0789   085E           00109         movf    Minuto,W                ; Y se repite el proceso para el resto.
078A   2729           00110         call    I2C_EnviaByte
MPASM  5.42                       RELOJMA.ASM   9-28-2014  11:00:19         PAGE 59


LOC  OBJECT CODE     LINE SOURCE TEXT
  VALUE

078B   085D           00111         movf    Hora,W
078C   2729           00112         call    I2C_EnviaByte
078D   085C           00113         movf    DiaSemana,W
078E   2729           00114         call    I2C_EnviaByte
078F   085B           00115         movf    Dia,W
0790   2729           00116         call    I2C_EnviaByte
0791   085A           00117         movf    Mes,W
0792   2729           00118         call    I2C_EnviaByte
0793   0859           00119         movf    Anho,W
0794   2729           00120         call    I2C_EnviaByte
0795   2723           00121         call    I2C_EnviaStop           ; Termina de enviar datos.
0796   0008           00122         return
                      00123 
                      00124 ;       ===================================================================
                      00125 ;         Del libro "MICROCONTROLADOR PIC16F84. DESARROLLO DE PROYECTOS"
                      00126 ;         E. Palacios, F. Remiro y L. López.
                      00127 ;         Editorial Ra-Ma.  www.ra-ma.es
                      00128 ;       ===================================================================
                      00129 
                      01854         INCLUDE "Librerias\EEPROM.INC"
                      00001         CBLOCK
  00000060            00002         EETEMPINTCON
                      00003         ENDC
                      00004 
                      00005 ; EEDIR *******************************************************************************************
                      00006 ; Coloca el dato que esta en W en la dirección de la EEPROM
                      00007 
0797                  00008 EEDIR
0797   1283           00009         BCF     STATUS,RP0              ; Acceso al banco 2
0798   1703           00010         BSF     STATUS,RP1
Message[302]: Register in operand not in bank 0.  Ensure that bank bits are correct.
0799   008D           00011         MOVWF   EEADR
079A   1283           00012         BCF     STATUS,RP0              ; Acceso al banco 0
079B   1303           00013         BCF     STATUS,RP1
079C   0008           00014         RETURN
                      00015 
079D                  00016 EELEER
079D   1683           00017         BSF     STATUS,RP0              ; Acceso al banco 3
079E   1703           00018         BSF     STATUS,RP1
Message[302]: Register in operand not in bank 0.  Ensure that bank bits are correct.
079F   138C           00019         BCF     EECON1,EEPGD            ; Apuntar a la memoria de datos
Message[302]: Register in operand not in bank 0.  Ensure that bank bits are correct.
07A0   140C           00020         BSF     EECON1,RD               ; Orden para empezar lectura
07A1                  00021 EELEER1
Message[302]: Register in operand not in bank 0.  Ensure that bank bits are correct.
07A1   180C           00022         BTFSC   EECON1,RD
07A2   2FA1           00023         GOTO    EELEER1
07A3   1283           00024         BCF     STATUS,RP0              ; Acceso al banco 2
07A4   1703           00025         BSF     STATUS,RP1
Message[302]: Register in operand not in bank 0.  Ensure that bank bits are correct.
07A5   080C           00026         MOVF    EEDATA,W
07A6   1303           00027         BCF     STATUS,RP1              ; Acceso al banco0
07A7   0008           00028         RETURN
MPASM  5.42                       RELOJMA.ASM   9-28-2014  11:00:19         PAGE 60


LOC  OBJECT CODE     LINE SOURCE TEXT
  VALUE

                      00029         
07A8                  00030 EEESCRIBIR
07A8   1283           00031         BCF     STATUS,RP0              ; Acceso al banco 2
07A9   1703           00032         BSF     STATUS,RP1
Message[302]: Register in operand not in bank 0.  Ensure that bank bits are correct.
07AA   008C           00033         MOVWF   EEDATA
07AB   1283           00034         BCF     STATUS,RP0              ; Acceso al banco 0
07AC   1303           00035         BCF     STATUS,RP1
07AD   080B           00036         MOVF    INTCON,W
07AE   00E0           00037         MOVWF   EETEMPINTCON
07AF   1683           00038         BSF     STATUS,RP0              ; Acceso al banco 3
07B0   1703           00039         BSF     STATUS,RP1
07B1   138B           00040         BCF     INTCON,GIE              ; Deshabilita las interrupciones
Message[302]: Register in operand not in bank 0.  Ensure that bank bits are correct.
07B2   138C           00041         BCF     EECON1,EEPGD            ; Apuntar a la memoria de datos
Message[302]: Register in operand not in bank 0.  Ensure that bank bits are correct.
07B3   150C           00042         BSF     EECON1,WREN             ; Habilita la escritura
                      00043         
07B4   3055           00044         MOVLW   0x55
Message[302]: Register in operand not in bank 0.  Ensure that bank bits are correct.
07B5   008D           00045         MOVWF   EECON2
07B6   30AA           00046         MOVLW   0xAA
Message[302]: Register in operand not in bank 0.  Ensure that bank bits are correct.
07B7   008D           00047         MOVWF   EECON2
Message[302]: Register in operand not in bank 0.  Ensure that bank bits are correct.
07B8   148C           00048         BSF     EECON1,WR               ; Inicia la escritura
                      00049 
07B9                  00050 EEESCRIBIR2
Message[302]: Register in operand not in bank 0.  Ensure that bank bits are correct.
07B9   188C           00051         BTFSC   EECON1,WR
07BA   2FB9           00052         GOTO    EEESCRIBIR2
Message[302]: Register in operand not in bank 0.  Ensure that bank bits are correct.
07BB   110C           00053         BCF     EECON1,WREN
Message[302]: Register in operand not in bank 0.  Ensure that bank bits are correct.
07BC   120C           00054         BCF     EECON1,EEIF
07BD   1283           00055         BCF     STATUS,RP0              ; Acceso al banco 0
07BE   1303           00056         BCF     STATUS,RP1
07BF   0860           00057         MOVF    EETEMPINTCON,W
07C0   008B           00058         MOVWF   INTCON
07C1   0008           00059         RETURN
                      00060 
                      00061         
                      00062 
                      00063 
                      00064                 
                      00065         
                      01855 
07C2                  01856 FINPAGINA0
                      01857         IF (FINPAGINA0 > 0x800)
                      01858                 ERROR   "Atención: La pagina 0 ha sobrepasado su rango"
                      01859                 MESSG   "de los primeros 7000"
                      01860         ENDIF
                      01861 ; PAGINA 1 *********************************************************************************************
MPASM  5.42                       RELOJMA.ASM   9-28-2014  11:00:19         PAGE 61


LOC  OBJECT CODE     LINE SOURCE TEXT
  VALUE

                            *******
                      01862 ; PAGINA 1 *********************************************************************************************
                            *******
                      01863 ; PAGINA 1 *********************************************************************************************
                            *******
                      01864 ; PAGINA 1 *********************************************************************************************
                            *******
                      01865 ; PAGINA 1 *********************************************************************************************
                            *******
                      01866 
0900                  01867         ORG     0x900
                      01868 
                      01869         INCLUDE "Librerias\BINAD99.INC"
                      00001 ;************************************** Librería "BINAD99.INC" **************************************
                      00002 ;
                      00003 ;
                      00004 ;
                      00005 ;
                      00006 ;     ====================================================================================
                      00007 ;     ||                               PROYECTO DE GRADO                                ||
                      00008 ;     ||                                                                                ||
                      00009 ;     ||     ESTUDIO Y DISEÑO DE ALGORITMOS E INTERFAZ ELECTRÓNICA DE COMUNICACIÓN      ||
                      00010 ;     ||    ENTRE MICROCONTROLADORES SERIE PIC Y DISPOSITIVOS DE ALMACENAMIENTO USB     ||
                      00011 ;     ||                                                                                ||
                      00012 ;     ||                           Juan Pablo Ruiz Rosero                               ||
                      00013 ;     ||                           Ingeniería Electrónica                               ||
                      00014 ;     ||                            Universidad de Nariño                               ||
                      00015 ;     ||                                Octubre 2008                                    ||
                      00016 ;     ====================================================================================
                      00017 ;
                      00018 ;
                      00019 ;****************************************************************************************************
                      00020 
                      00021 
                      00022 ; ZONA DE DATOS *************************************************************************************
                      00023 ;****************************************************************************************************
                      00024 ;****************************************************************************************************
                      00025 
                      00026         CBLOCK
  00000061            00027         D99UNI          ; Unidades
  00000062            00028         D99DEC          ; Decenas
                      00029         ENDC
                      00030 
                      00031 
                      00032 ; ZONA DE FUNCIONES *********************************************************************************
                      00033 ;****************************************************************************************************
                      00034 ;****************************************************************************************************
                      00035 
                      00036 
                      00037 ;FUNCION DE BINARIO A DECIMAL 99 *******************************************************************
                      00038 ; Esta función convierte un valor de binario a decimal igual o menor a 99. El dato de entrada se 
                      00039 ; lo coloca en W y la función devuelve su respuesta en W donde el nibble mayor representa las
                      00040 ; centenas y el nibble menor las unidades. Si el dato de entrada es mayor a 99 devuelve el Carry
MPASM  5.42                       RELOJMA.ASM   9-28-2014  11:00:19         PAGE 62


LOC  OBJECT CODE     LINE SOURCE TEXT
  VALUE

                      00041 ; en 1 y si el dato es menor o igual a 99 devuelve el Carry 0.
0900                  00042 BINAD99
0900   00E1           00043         MOVWF   D99UNI                  ; Coloca el dato de entrada en D99UNI
0901   01E2           00044         CLRF    D99DEC                  ; Coloca en cero a D99DEC
0902                  00045 BINAD991
0902   300A           00046         MOVLW   d'10'                   ; Resta 10 a D99UNI y lo almacena en W
0903   0261           00047         SUBWF   D99UNI,W
0904   1C03           00048         BTFSS   STATUS,C
0905   290F           00049         GOTO    BINAD99F                ; Si el resultado es negativo, D99UNI<10 termina
0906                  00050 BINAD992                                ; Si el resultado es cero o positivo, D99UNI>=10
0906   00E1           00051         MOVWF   D99UNI                  ; Aplica el resultado de la resta sobre D99UNI
0907   0AE2           00052         INCF    D99DEC,F                ; Incrementa en uno las decenas
0908   300A           00053         MOVLW   d'10'                   ; Resta 10 a D99UNI para saber si las decenas
0909   0262           00054         SUBWF   D99DEC,W                ; son mayores que 10
090A   1C03           00055         BTFSS   STATUS,C                
090B   2902           00056         GOTO    BINAD991                ; Si el resultado es negativo, D99DEC<10 continua
090C                  00057 BINAD99E                                ; si es positivo, D99DEC>10 va a error
090C   00E2           00058         MOVWF   D99DEC  
090D   1403           00059         BSF     STATUS,C                ; Coloca el Carry en 1 para avizar que hay un error
090E   0008           00060         RETURN                          ; Finaliza
090F                  00061 BINAD99F
090F   0EE2           00062         SWAPF   D99DEC,F                ; Rota los nibbles de D99DEC
0910   0862           00063         MOVF    D99DEC,W                
0911   0761           00064         ADDWF   D99UNI,W                ; Los suma con D99UNI en W.
0912   1003           00065         BCF     STATUS,C                ; Coloca el Carry en 0, operación exitosa
0913   0008           00066         RETURN                          ; Termina la función
                      00067         
                      00068 
0914                  00069 BINAUNIC
0914   2100           00070         CALL    BINAD99
0915   390F           00071         ANDLW   0x0F
0916   3E30           00072         ADDLW   '0'
0917   0008           00073         RETURN
                      00074 
0918                  00075 BINADECC                
0918   2100           00076         CALL    BINAD99
0919   39F0           00077         ANDLW   0xF0
091A   00E2           00078         MOVWF   D99DEC
091B   0E62           00079         SWAPF   D99DEC,W
091C   3E30           00080         ADDLW   '0'
091D   0008           00081         RETURN
                      01870 
                      01871 ; SUBRUTINA DEFINIR CONTRASEÑA *************************************************************************
                            ********
091E                  01872 DEFCONTRASENA
091E   018A           01873         CLRF    PCLATH                          ; Pagina 0
Message[306]: Crossing page boundary -- ensure page bits are set.
091F   26A7           01874         CALL    LCD_Borra
0920   3050           01875         MOVLW   'P'
Message[306]: Crossing page boundary -- ensure page bits are set.
0921   2606           01876         CALL    LCD_Caracter
0922   3065           01877         MOVLW   'e'
Message[306]: Crossing page boundary -- ensure page bits are set.
MPASM  5.42                       RELOJMA.ASM   9-28-2014  11:00:19         PAGE 63


LOC  OBJECT CODE     LINE SOURCE TEXT
  VALUE

0923   2606           01878         CALL    LCD_Caracter
0924   3064           01879         MOVLW   'd'
Message[306]: Crossing page boundary -- ensure page bits are set.
0925   2606           01880         CALL    LCD_Caracter
0926   3069           01881         MOVLW   'i'
Message[306]: Crossing page boundary -- ensure page bits are set.
0927   2606           01882         CALL    LCD_Caracter
0928   3072           01883         MOVLW   'r'
Message[306]: Crossing page boundary -- ensure page bits are set.
0929   2606           01884         CALL    LCD_Caracter
092A   3020           01885         MOVLW   ' '
Message[306]: Crossing page boundary -- ensure page bits are set.
092B   2606           01886         CALL    LCD_Caracter
Message[306]: Crossing page boundary -- ensure page bits are set.
092C   23C2           01887         CALL    MCONTRASENA
                      01888 
                      01889         
092D   30FD           01890         MOVLW   EEDDESTACON
Message[306]: Crossing page boundary -- ensure page bits are set.
092E   2797           01891         CALL    EEDIR
Message[306]: Crossing page boundary -- ensure page bits are set.
092F   279D           01892         CALL    EELEER
0930   00BF           01893         MOVWF   ESTADOCONTRASENA
                      01894 
0931                  01895 DEFCONTRASENA2
0931   018A           01896         CLRF    PCLATH                          ; Pagina 0
Message[306]: Crossing page boundary -- ensure page bits are set.
0932   25F7           01897         CALL    LCD_CursorON
Message[306]: Crossing page boundary -- ensure page bits are set.
0933   25EF           01898         CALL    LCD_Linea2
0934   183F           01899         BTFSC   ESTADOCONTRASENA,0
Message[306]: Crossing page boundary -- ensure page bits are set.
0935   23B8           01900         CALL    MSI
0936   1C3F           01901         BTFSS   ESTADOCONTRASENA,0
Message[306]: Crossing page boundary -- ensure page bits are set.
0937   23BD           01902         CALL    MNO
Message[306]: Crossing page boundary -- ensure page bits are set.
0938   25EF           01903         CALL    LCD_Linea2
                      01904 
Message[306]: Crossing page boundary -- ensure page bits are set.
0939   2055           01905         CALL    Teclado_LeeHexw
093A   00A1           01906         MOVWF   DATOTECLA
093B   3C0D           01907         SUBLW   TABAJO
093C   3001           01908         MOVLW   b'00000001'
093D   1903           01909         BTFSC   STATUS,Z
093E   06BF           01910         XORWF   ESTADOCONTRASENA,F
                      01911         
093F   0821           01912         MOVF    DATOTECLA,W
0940   3C0E           01913         SUBLW   TARRIBA
0941   3001           01914         MOVLW   b'00000001'
0942   1903           01915         BTFSC   STATUS,Z
0943   06BF           01916         XORWF   ESTADOCONTRASENA,F
                      01917         
MPASM  5.42                       RELOJMA.ASM   9-28-2014  11:00:19         PAGE 64


LOC  OBJECT CODE     LINE SOURCE TEXT
  VALUE

0944   0821           01918         MOVF    DATOTECLA,W             ; Si se oprime la tecla menu sali sin hace nada
0945   3C0C           01919         SUBLW   TMENU
0946   1903           01920         BTFSC   STATUS,Z
0947   0008           01921         RETURN  
                      01922 
0948   158A           01923         BSF     PCLATH,3                ; Pagina 1
0949   120A           01924         BCF     PCLATH,4 
094A   0821           01925         MOVF    DATOTECLA,W
094B   3C0F           01926         SUBLW   TENTER
094C   1D03           01927         BTFSS   STATUS,Z
094D   2931           01928         GOTO    DEFCONTRASENA2
                      01929         
094E   183F           01930         BTFSC   ESTADOCONTRASENA,0      ; Si se dice que SI se define nueva contraseña
094F   2956           01931         GOTO    DEFCONTRASENA3
                      01932 
0950   018A           01933         CLRF    PCLATH                  ; Página 0
0951   30FD           01934         MOVLW   EEDDESTACON                     ; Si se dice que NO se guarda el estado
Message[306]: Crossing page boundary -- ensure page bits are set.
0952   2797           01935         CALL    EEDIR
0953   083F           01936         MOVF    ESTADOCONTRASENA,W
Message[306]: Crossing page boundary -- ensure page bits are set.
0954   27A8           01937         CALL    EEESCRIBIR
0955   0008           01938         RETURN
                      01939         
                      01940         
                      01941 
                      01942 
0956                  01943 DEFCONTRASENA3
0956   018A           01944         CLRF    PCLATH                  ; Página 0
Message[306]: Crossing page boundary -- ensure page bits are set.
0957   26A7           01945         CALL    LCD_Borra
0958   304E           01946         MOVLW   'N'
Message[306]: Crossing page boundary -- ensure page bits are set.
0959   2606           01947         CALL    LCD_Caracter
095A   3020           01948         MOVLW   ' '
Message[306]: Crossing page boundary -- ensure page bits are set.
095B   2606           01949         CALL    LCD_Caracter
Message[306]: Crossing page boundary -- ensure page bits are set.
095C   23C2           01950         CALL    MCONTRASENA
Message[306]: Crossing page boundary -- ensure page bits are set.
095D   25EF           01951         CALL    LCD_Linea2
                      01952 
095E   3009           01953         MOVLW   d'9'
Message[306]: Crossing page boundary -- ensure page bits are set.
095F   205D           01954         CALL    Teclado_Leemax
0960   00BA           01955         MOVWF   PASSWA
0961   0EBA           01956         SWAPF   PASSWA,F
0962   302A           01957         MOVLW   '*'
Message[306]: Crossing page boundary -- ensure page bits are set.
0963   2606           01958         CALL    LCD_Caracter
0964   3009           01959         MOVLW   d'9'
Message[306]: Crossing page boundary -- ensure page bits are set.
0965   205D           01960         CALL    Teclado_Leemax
MPASM  5.42                       RELOJMA.ASM   9-28-2014  11:00:19         PAGE 65


LOC  OBJECT CODE     LINE SOURCE TEXT
  VALUE

0966   07BA           01961         ADDWF   PASSWA,F
0967   302A           01962         MOVLW   '*'
Message[306]: Crossing page boundary -- ensure page bits are set.
0968   2606           01963         CALL    LCD_Caracter
                      01964 
0969   3009           01965         MOVLW   d'9'
Message[306]: Crossing page boundary -- ensure page bits are set.
096A   205D           01966         CALL    Teclado_Leemax
096B   00BB           01967         MOVWF   PASSWB
096C   0EBB           01968         SWAPF   PASSWB,F
096D   302A           01969         MOVLW   '*'
Message[306]: Crossing page boundary -- ensure page bits are set.
096E   2606           01970         CALL    LCD_Caracter
096F   3009           01971         MOVLW   d'9'
Message[306]: Crossing page boundary -- ensure page bits are set.
0970   205D           01972         CALL    Teclado_Leemax
0971   07BB           01973         ADDWF   PASSWB,F
0972   302A           01974         MOVLW   '*'
Message[306]: Crossing page boundary -- ensure page bits are set.
0973   2606           01975         CALL    LCD_Caracter
                      01976 
                      01977 
Message[306]: Crossing page boundary -- ensure page bits are set.
0974   26A7           01978         CALL    LCD_Borra
0975   3052           01979         MOVLW   'R'
Message[306]: Crossing page boundary -- ensure page bits are set.
0976   2606           01980         CALL    LCD_Caracter
0977   304E           01981         MOVLW   'N'
Message[306]: Crossing page boundary -- ensure page bits are set.
0978   2606           01982         CALL    LCD_Caracter
0979   3020           01983         MOVLW   ' '
Message[306]: Crossing page boundary -- ensure page bits are set.
097A   2606           01984         CALL    LCD_Caracter
Message[306]: Crossing page boundary -- ensure page bits are set.
097B   23C2           01985         CALL    MCONTRASENA
Message[306]: Crossing page boundary -- ensure page bits are set.
097C   25EF           01986         CALL    LCD_Linea2
                      01987 
097D   3009           01988         MOVLW   d'9'
Message[306]: Crossing page boundary -- ensure page bits are set.
097E   205D           01989         CALL    Teclado_Leemax
097F   00BC           01990         MOVWF   PASSWA1
0980   0EBC           01991         SWAPF   PASSWA1,F
0981   302A           01992         MOVLW   '*'
Message[306]: Crossing page boundary -- ensure page bits are set.
0982   2606           01993         CALL    LCD_Caracter
0983   3009           01994         MOVLW   d'9'
Message[306]: Crossing page boundary -- ensure page bits are set.
0984   205D           01995         CALL    Teclado_Leemax
0985   07BC           01996         ADDWF   PASSWA1,F
0986   302A           01997         MOVLW   '*'
Message[306]: Crossing page boundary -- ensure page bits are set.
0987   2606           01998         CALL    LCD_Caracter
MPASM  5.42                       RELOJMA.ASM   9-28-2014  11:00:19         PAGE 66


LOC  OBJECT CODE     LINE SOURCE TEXT
  VALUE

                      01999 
0988   3009           02000         MOVLW   d'9'
Message[306]: Crossing page boundary -- ensure page bits are set.
0989   205D           02001         CALL    Teclado_Leemax
098A   00BD           02002         MOVWF   PASSWB1
098B   0EBD           02003         SWAPF   PASSWB1,F
098C   302A           02004         MOVLW   '*'
Message[306]: Crossing page boundary -- ensure page bits are set.
098D   2606           02005         CALL    LCD_Caracter
098E   3009           02006         MOVLW   d'9'
Message[306]: Crossing page boundary -- ensure page bits are set.
098F   205D           02007         CALL    Teclado_Leemax
0990   07BD           02008         ADDWF   PASSWB1,F
0991   302A           02009         MOVLW   '*'
Message[306]: Crossing page boundary -- ensure page bits are set.
0992   2606           02010         CALL    LCD_Caracter
                      02011 
0993   158A           02012         BSF     PCLATH,3                ; Pagina 1
0994   120A           02013         BCF     PCLATH,4 
0995   083A           02014         MOVF    PASSWA,W
0996   023C           02015         SUBWF   PASSWA1,W
0997   1D03           02016         BTFSS   STATUS,Z
0998   29BF           02017         GOTO    DEFCONTRASENAER
0999   083B           02018         MOVF    PASSWB,W
099A   023D           02019         SUBWF   PASSWB1,W
099B   1D03           02020         BTFSS   STATUS,Z
099C   29BF           02021         GOTO    DEFCONTRASENAER
                      02022 
099D   018A           02023         CLRF    PCLATH                  ; Pagina 0
099E   30FE           02024         MOVLW   EEDDCONH        
Message[306]: Crossing page boundary -- ensure page bits are set.
099F   2797           02025         CALL    EEDIR
09A0   083A           02026         MOVF    PASSWA,W
Message[306]: Crossing page boundary -- ensure page bits are set.
09A1   27A8           02027         CALL    EEESCRIBIR
09A2   30FF           02028         MOVLW   EEDDCONB
Message[306]: Crossing page boundary -- ensure page bits are set.
09A3   2797           02029         CALL    EEDIR
09A4   083B           02030         MOVF    PASSWB,W
Message[306]: Crossing page boundary -- ensure page bits are set.
09A5   27A8           02031         CALL    EEESCRIBIR
09A6   30FD           02032         MOVLW   EEDDESTACON                     ; Si se dice que NO se guarda el estado
Message[306]: Crossing page boundary -- ensure page bits are set.
09A7   2797           02033         CALL    EEDIR
09A8   083F           02034         MOVF    ESTADOCONTRASENA,W
Message[306]: Crossing page boundary -- ensure page bits are set.
09A9   27A8           02035         CALL    EEESCRIBIR
                      02036 
Message[306]: Crossing page boundary -- ensure page bits are set.
09AA   26A7           02037         CALL    LCD_Borra
Message[306]: Crossing page boundary -- ensure page bits are set.
09AB   23C2           02038         CALL    MCONTRASENA
                      02039 
MPASM  5.42                       RELOJMA.ASM   9-28-2014  11:00:19         PAGE 67


LOC  OBJECT CODE     LINE SOURCE TEXT
  VALUE

Message[306]: Crossing page boundary -- ensure page bits are set.
09AC   25EF           02040         CALL    LCD_Linea2
09AD   3063           02041         MOVLW   'c'
Message[306]: Crossing page boundary -- ensure page bits are set.
09AE   2606           02042         CALL    LCD_Caracter
09AF   3061           02043         MOVLW   'a'
Message[306]: Crossing page boundary -- ensure page bits are set.
09B0   2606           02044         CALL    LCD_Caracter
09B1   306D           02045         MOVLW   'm'
Message[306]: Crossing page boundary -- ensure page bits are set.
09B2   2606           02046         CALL    LCD_Caracter
09B3   3062           02047         MOVLW   'b'
Message[306]: Crossing page boundary -- ensure page bits are set.
09B4   2606           02048         CALL    LCD_Caracter
09B5   3069           02049         MOVLW   'i'
Message[306]: Crossing page boundary -- ensure page bits are set.
09B6   2606           02050         CALL    LCD_Caracter
09B7   3061           02051         MOVLW   'a'
Message[306]: Crossing page boundary -- ensure page bits are set.
09B8   2606           02052         CALL    LCD_Caracter
09B9   3064           02053         MOVLW   'd'
Message[306]: Crossing page boundary -- ensure page bits are set.
09BA   2606           02054         CALL    LCD_Caracter
09BB   3061           02055         MOVLW   'a'
Message[306]: Crossing page boundary -- ensure page bits are set.
09BC   2606           02056         CALL    LCD_Caracter
Message[306]: Crossing page boundary -- ensure page bits are set.
09BD   2055           02057         CALL    Teclado_LeeHexw
09BE   0008           02058         RETURN
                      02059 
                      02060 
09BF                  02061 DEFCONTRASENAER
09BF   018A           02062         CLRF    PCLATH                  ; Pagina 0
Message[306]: Crossing page boundary -- ensure page bits are set.
09C0   26A7           02063         CALL    LCD_Borra
Message[306]: Crossing page boundary -- ensure page bits are set.
09C1   23C2           02064         CALL    MCONTRASENA
09C2   3020           02065         MOVLW   ' '
Message[306]: Crossing page boundary -- ensure page bits are set.
09C3   2606           02066         CALL    LCD_Caracter
09C4   3065           02067         MOVLW   'e'
Message[306]: Crossing page boundary -- ensure page bits are set.
09C5   2606           02068         CALL    LCD_Caracter
09C6   3072           02069         MOVLW   'r'
Message[306]: Crossing page boundary -- ensure page bits are set.
09C7   2606           02070         CALL    LCD_Caracter
09C8   3072           02071         MOVLW   'r'
Message[306]: Crossing page boundary -- ensure page bits are set.
09C9   2606           02072         CALL    LCD_Caracter
09CA   306F           02073         MOVLW   'o'
Message[306]: Crossing page boundary -- ensure page bits are set.
09CB   2606           02074         CALL    LCD_Caracter
09CC   3072           02075         MOVLW   'r'
MPASM  5.42                       RELOJMA.ASM   9-28-2014  11:00:19         PAGE 68


LOC  OBJECT CODE     LINE SOURCE TEXT
  VALUE

Message[306]: Crossing page boundary -- ensure page bits are set.
09CD   2606           02076         CALL    LCD_Caracter
Message[306]: Crossing page boundary -- ensure page bits are set.
09CE   2055           02077         CALL    Teclado_LeeHexw
09CF   0008           02078         RETURN
                      02079 
                      02080 
                      02081 ; SUBRUTINA DEFINIR DURACION DE TIMBRES ****************************************************************
                            *****************
                      02082 
09D0                  02083 DEFDURATIMBRES
09D0   018A           02084         CLRF    PCLATH                  ; Pagina 0
Message[306]: Crossing page boundary -- ensure page bits are set.
09D1   26A7           02085         CALL    LCD_Borra
Message[306]: Crossing page boundary -- ensure page bits are set.
09D2   25F7           02086         CALL    LCD_CursorON
                      02087 
09D3   30FB           02088         MOVLW   EEDDTIMBREC             ; Posición en EEPROM de timbre corto
Message[306]: Crossing page boundary -- ensure page bits are set.
09D4   2797           02089         CALL    EEDIR
Message[306]: Crossing page boundary -- ensure page bits are set.
09D5   279D           02090         CALL    EELEER
09D6   00C0           02091         MOVWF   DTIMBREC
09D7   30FC           02092         MOVLW   EEDDTIMBREL             ; Posición en EEPROM de timbre largo
Message[306]: Crossing page boundary -- ensure page bits are set.
09D8   2797           02093         CALL    EEDIR
Message[306]: Crossing page boundary -- ensure page bits are set.
09D9   279D           02094         CALL    EELEER
09DA   00C1           02095         MOVWF   DTIMBREL
                      02096 
09DB   3054           02097         MOVLW   'T'
Message[306]: Crossing page boundary -- ensure page bits are set.
09DC   2606           02098         CALL    LCD_Caracter
09DD   3043           02099         MOVLW   'C'
Message[306]: Crossing page boundary -- ensure page bits are set.
09DE   2606           02100         CALL    LCD_Caracter
09DF   303A           02101         MOVLW   ':'
Message[306]: Crossing page boundary -- ensure page bits are set.
09E0   2606           02102         CALL    LCD_Caracter
09E1   3008           02103         MOVLW   d'8'
Message[306]: Crossing page boundary -- ensure page bits are set.
09E2   25F3           02104         CALL    LCD_PosicionLinea2
Message[306]: Crossing page boundary -- ensure page bits are set.
09E3   243F           02105         CALL    MVERSION                        
                      02106 
09E4                  02107 DEFDURATIMBRES1
09E4   018A           02108         CLRF    PCLATH                  ; Pagina 0
09E5   3003           02109         MOVLW   d'3'
Message[306]: Crossing page boundary -- ensure page bits are set.
09E6   25F1           02110         CALL    LCD_PosicionLinea1                      
09E7   0840           02111         MOVF    DTIMBREC,W
09E8   3E01           02112         ADDLW   0x01
09E9   158A           02113         BSF     PCLATH,3                        ; Configura al PCLAHT para ir a la segunda página
MPASM  5.42                       RELOJMA.ASM   9-28-2014  11:00:19         PAGE 69


LOC  OBJECT CODE     LINE SOURCE TEXT
  VALUE

09EA   120A           02114         BCF     PCLATH,4                        ; " " 
09EB   2100           02115         CALL    BINAD99
09EC   018A           02116         CLRF    PCLATH                  ; Pagina 0
Message[306]: Crossing page boundary -- ensure page bits are set.
09ED   263F           02117         CALL    LCD_ByteCompleto
09EE   3073           02118         MOVLW   's'
Message[306]: Crossing page boundary -- ensure page bits are set.
09EF   2606           02119         CALL    LCD_Caracter
09F0   3003           02120         MOVLW   d'3'
Message[306]: Crossing page boundary -- ensure page bits are set.
09F1   25F1           02121         CALL    LCD_PosicionLinea1                      
                      02122 
Message[306]: Crossing page boundary -- ensure page bits are set.
09F2   2055           02123         CALL    Teclado_LeeHexw
09F3   00A1           02124         MOVWF   DATOTECLA
09F4   3C0D           02125         SUBLW   TABAJO
09F5   1903           02126         BTFSC   STATUS,Z
09F6   0AC0           02127         INCF    DTIMBREC,F
                      02128         
09F7   0821           02129         MOVF    DATOTECLA,W
09F8   3C0E           02130         SUBLW   TARRIBA
09F9   1903           02131         BTFSC   STATUS,Z
09FA   03C0           02132         DECF    DTIMBREC,F
                      02133 
09FB   300F           02134         MOVLW   b'00001111'
09FC   05C0           02135         ANDWF   DTIMBREC,F
                      02136 
09FD   158A           02137         BSF     PCLATH,3                ; Pagina 1
09FE   120A           02138         BCF     PCLATH,4 
09FF   0821           02139         MOVF    DATOTECLA,W
0A00   3C0F           02140         SUBLW   TENTER
0A01   1D03           02141         BTFSS   STATUS,Z
0A02   29E4           02142         GOTO    DEFDURATIMBRES1
                      02143 
0A03   018A           02144         CLRF    PCLATH                  ; Pagina 0
Message[306]: Crossing page boundary -- ensure page bits are set.
0A04   26A7           02145         CALL    LCD_Borra
0A05   3054           02146         MOVLW   'T'
Message[306]: Crossing page boundary -- ensure page bits are set.
0A06   2606           02147         CALL    LCD_Caracter
0A07   304C           02148         MOVLW   'L'
Message[306]: Crossing page boundary -- ensure page bits are set.
0A08   2606           02149         CALL    LCD_Caracter
0A09   303A           02150         MOVLW   ':'
Message[306]: Crossing page boundary -- ensure page bits are set.
0A0A   2606           02151         CALL    LCD_Caracter
                      02152 
0A0B                  02153 DEFDURATIMBRES2
0A0B   018A           02154         CLRF    PCLATH                  ; Pagina 0
0A0C   3003           02155         MOVLW   d'3'
Message[306]: Crossing page boundary -- ensure page bits are set.
0A0D   25F1           02156         CALL    LCD_PosicionLinea1
0A0E   0841           02157         MOVF    DTIMBREL,W
MPASM  5.42                       RELOJMA.ASM   9-28-2014  11:00:19         PAGE 70


LOC  OBJECT CODE     LINE SOURCE TEXT
  VALUE

0A0F   3E01           02158         ADDLW   0x01
0A10   158A           02159         BSF     PCLATH,3                        ; Configura al PCLAHT para ir a la segunda página
0A11   120A           02160         BCF     PCLATH,4                        ; " " 
0A12   2100           02161         CALL    BINAD99
0A13   018A           02162         CLRF    PCLATH                  ; Pagina 0
Message[306]: Crossing page boundary -- ensure page bits are set.
0A14   263F           02163         CALL    LCD_ByteCompleto
0A15   3073           02164         MOVLW   's'
Message[306]: Crossing page boundary -- ensure page bits are set.
0A16   2606           02165         CALL    LCD_Caracter
0A17   3003           02166         MOVLW   d'3'
Message[306]: Crossing page boundary -- ensure page bits are set.
0A18   25F1           02167         CALL    LCD_PosicionLinea1                      
                      02168 
Message[306]: Crossing page boundary -- ensure page bits are set.
0A19   2055           02169         CALL    Teclado_LeeHexw
0A1A   00A1           02170         MOVWF   DATOTECLA
0A1B   3C0D           02171         SUBLW   TABAJO
0A1C   1903           02172         BTFSC   STATUS,Z
0A1D   0AC1           02173         INCF    DTIMBREL,F
                      02174         
0A1E   0821           02175         MOVF    DATOTECLA,W
0A1F   3C0E           02176         SUBLW   TARRIBA
0A20   1903           02177         BTFSC   STATUS,Z
0A21   03C1           02178         DECF    DTIMBREL,F
                      02179 
0A22   300F           02180         MOVLW   b'00001111'
0A23   05C1           02181         ANDWF   DTIMBREL,F
                      02182 
0A24   158A           02183         BSF     PCLATH,3                ; Pagina 1
0A25   120A           02184         BCF     PCLATH,4 
0A26   0821           02185         MOVF    DATOTECLA,W
0A27   3C0F           02186         SUBLW   TENTER
0A28   1D03           02187         BTFSS   STATUS,Z
0A29   2A0B           02188         GOTO    DEFDURATIMBRES2
                      02189 
0A2A   30FB           02190         MOVLW   EEDDTIMBREC             ; Posición en EEPROM de timbre corto
0A2B   018A           02191         CLRF    PCLATH                  ; Pagina 0
Message[306]: Crossing page boundary -- ensure page bits are set.
0A2C   2797           02192         CALL    EEDIR
0A2D   0840           02193         MOVF    DTIMBREC,W
0A2E   018A           02194         CLRF    PCLATH                  ; Pagina 0
Message[306]: Crossing page boundary -- ensure page bits are set.
0A2F   27A8           02195         CALL    EEESCRIBIR
0A30   30FC           02196         MOVLW   EEDDTIMBREL             ; Posición en EEPROM de timbre corto
0A31   018A           02197         CLRF    PCLATH                  ; Pagina 0
Message[306]: Crossing page boundary -- ensure page bits are set.
0A32   2797           02198         CALL    EEDIR
0A33   0841           02199         MOVF    DTIMBREL,W
0A34   018A           02200         CLRF    PCLATH                  ; Pagina 0
Message[306]: Crossing page boundary -- ensure page bits are set.
0A35   27A8           02201         CALL    EEESCRIBIR
                      02202 
MPASM  5.42                       RELOJMA.ASM   9-28-2014  11:00:19         PAGE 71


LOC  OBJECT CODE     LINE SOURCE TEXT
  VALUE

0A36   0008           02203         RETURN
                      02204 
                      02205 ; SUBRUTINA TIPO DE HORARIO ****************************************************************************
                            ************
                      02206 
0A37                  02207 TIPOHORARIO
0A37   01C4           02208         CLRF    CONTDIATH               ; Inicializa CONTDIATH en 1
0A38   0AC4           02209         INCF    CONTDIATH,F
                      02210 
0A39                  02211 TIPOHORARIO1
0A39   018A           02212         CLRF    PCLATH                  ; Pagina 0
Message[306]: Crossing page boundary -- ensure page bits are set.
0A3A   26A7           02213         CALL    LCD_Borra
0A3B   0844           02214         MOVF    CONTDIATH,W
0A3C   018A           02215         CLRF    PCLATH                  ; Pagina 0
Message[306]: Crossing page boundary -- ensure page bits are set.
0A3D   24F3           02216         CALL    MENDIA
0A3E   303A           02217         MOVLW   ':'
Message[306]: Crossing page boundary -- ensure page bits are set.
0A3F   2606           02218         CALL    LCD_Caracter
                      02219 
0A40   018A           02220         CLRF    PCLATH                  ; Pagina 0
0A41   30F1           02221         MOVLW   EEDDTHLUN               ; Coloca la posición en la eeprom del día
0A42   0744           02222         ADDWF   CONTDIATH,W
Message[306]: Crossing page boundary -- ensure page bits are set.
0A43   2797           02223         CALL    EEDIR
Message[306]: Crossing page boundary -- ensure page bits are set.
0A44   279D           02224         CALL    EELEER
0A45   00AB           02225         MOVWF   VTIPOHORARIO
0A46   1903           02226         BTFSC   STATUS,Z
Message[306]: Crossing page boundary -- ensure page bits are set.
0A47   240B           02227         CALL    MENSAJEOFF              ; Si VTIPOHORARIO es cero manda el mensaje OFF
0A48   082B           02228         MOVF    VTIPOHORARIO,W
0A49   1D03           02229         BTFSS   STATUS,Z
Message[306]: Crossing page boundary -- ensure page bits are set.
0A4A   2644           02230         CALL    LCD_Nibble              ; Si es diferente de cero lo saca como nibbl
                      02231 
0A4B   018A           02232         CLRF    PCLATH                  ; Pagina 0
Message[306]: Crossing page boundary -- ensure page bits are set.
0A4C   2055           02233         CALL    Teclado_LeeHexw
0A4D   158A           02234         BSF     PCLATH,3                ; Pagina 1
0A4E   120A           02235         BCF     PCLATH,4 
0A4F   00A1           02236         MOVWF   DATOTECLA
0A50   3C0D           02237         SUBLW   TABAJO
0A51   1903           02238         BTFSC   STATUS,Z
0A52   2260           02239         CALL    INCCONTDIA
                      02240         
0A53   0821           02241         MOVF    DATOTECLA,W
0A54   3C0E           02242         SUBLW   TARRIBA
0A55   1903           02243         BTFSC   STATUS,Z
0A56   2269           02244         CALL    DECCONTDIA
                      02245         
0A57   0821           02246         MOVF    DATOTECLA,W
MPASM  5.42                       RELOJMA.ASM   9-28-2014  11:00:19         PAGE 72


LOC  OBJECT CODE     LINE SOURCE TEXT
  VALUE

0A58   3C0F           02247         SUBLW   TENTER
0A59   1903           02248         BTFSC   STATUS,Z
0A5A   226F           02249         CALL    FIJARTHORARIODIA
                      02250 
0A5B   0821           02251         MOVF    DATOTECLA,W
0A5C   3C0C           02252         SUBLW   TMENU
0A5D   1D03           02253         BTFSS   STATUS,Z
0A5E   2A39           02254         GOTO    TIPOHORARIO1
0A5F   0008           02255         RETURN
                      02256 
0A60                  02257 INCCONTDIA
0A60   0AC4           02258         INCF    CONTDIATH,F
0A61   3008           02259         MOVLW   0x08
0A62   0244           02260         SUBWF   CONTDIATH,W
0A63   1903           02261         BTFSC   STATUS,Z
0A64   2A66           02262         GOTO    INCCONTDIA1
0A65   0008           02263         RETURN
0A66                  02264 INCCONTDIA1
0A66   01C4           02265         CLRF    CONTDIATH
0A67   0AC4           02266         INCF    CONTDIATH,F
0A68   0008           02267         RETURN
                      02268 
0A69                  02269 DECCONTDIA
0A69   03C4           02270         DECF    CONTDIATH,F
0A6A   1D03           02271         BTFSS   STATUS,Z
0A6B   0008           02272         RETURN
0A6C   3007           02273         MOVLW   0x07
0A6D   00C4           02274         MOVWF   CONTDIATH
0A6E   0008           02275         RETURN
                      02276 
0A6F                  02277 FIJARTHORARIODIA
0A6F   018A           02278         CLRF    PCLATH                  ; Pagina 0
Message[306]: Crossing page boundary -- ensure page bits are set.
0A70   25F7           02279         CALL    LCD_CursorON
Message[306]: Crossing page boundary -- ensure page bits are set.
0A71   26A7           02280         CALL    LCD_Borra
0A72   0844           02281         MOVF    CONTDIATH,W
Message[306]: Crossing page boundary -- ensure page bits are set.
0A73   24F3           02282         CALL    MENDIA
0A74   303A           02283         MOVLW   ':'
Message[306]: Crossing page boundary -- ensure page bits are set.
0A75   2606           02284         CALL    LCD_Caracter
                      02285 
                      02286 
0A76   08AB           02287         MOVF    VTIPOHORARIO,F
0A77   1903           02288         BTFSC   STATUS,Z
Message[306]: Crossing page boundary -- ensure page bits are set.
0A78   240B           02289         CALL    MENSAJEOFF
0A79   082B           02290         MOVF    VTIPOHORARIO,W
0A7A   1D03           02291         BTFSS   STATUS,Z
Message[306]: Crossing page boundary -- ensure page bits are set.
0A7B   2644           02292         CALL    LCD_Nibble
                      02293         
MPASM  5.42                       RELOJMA.ASM   9-28-2014  11:00:19         PAGE 73


LOC  OBJECT CODE     LINE SOURCE TEXT
  VALUE

0A7C   3004           02294         MOVLW   d'4'
Message[306]: Crossing page boundary -- ensure page bits are set.
0A7D   25F1           02295         CALL    LCD_PosicionLinea1      ; Para que el cursor se muestre en la liena 3
                      02296         
Message[306]: Crossing page boundary -- ensure page bits are set.
0A7E   2055           02297         CALL    Teclado_LeeHexw
0A7F   158A           02298         BSF     PCLATH,3                ; Pagina 1
0A80   120A           02299         BCF     PCLATH,4 
0A81   00A1           02300         MOVWF   DATOTECLA
0A82   3C0D           02301         SUBLW   TABAJO
0A83   1903           02302         BTFSC   STATUS,Z
0A84   2299           02303         CALL    INCVTIPOHORARIO
                      02304         
0A85   0821           02305         MOVF    DATOTECLA,W
0A86   3C0E           02306         SUBLW   TARRIBA
0A87   1903           02307         BTFSC   STATUS,Z
0A88   229F           02308         CALL    DECVTIPOHORARIO
                      02309 
0A89   0821           02310         MOVF    DATOTECLA,W
0A8A   3C0F           02311         SUBLW   TENTER
0A8B   1D03           02312         BTFSS   STATUS,Z
0A8C   2A6F           02313         GOTO    FIJARTHORARIODIA        
                      02314 
                      02315 
0A8D   30F1           02316         MOVLW   EEDDTHLUN               ; Coloca la posición en la eerom del día
0A8E   0744           02317         ADDWF   CONTDIATH,W
0A8F   018A           02318         CLRF    PCLATH                  ; Pagina 0
Message[306]: Crossing page boundary -- ensure page bits are set.
0A90   2797           02319         CALL    EEDIR
0A91   082B           02320         MOVF    VTIPOHORARIO,W
0A92   018A           02321         CLRF    PCLATH                  ; Pagina 0
Message[306]: Crossing page boundary -- ensure page bits are set.
0A93   27A8           02322         CALL    EEESCRIBIR
0A94   018A           02323         CLRF    PCLATH                  ; Pagina 0
Message[306]: Crossing page boundary -- ensure page bits are set.
0A95   25F9           02324         CALL    LCD_CursorOFF
0A96   158A           02325         BSF     PCLATH,3                ; Pagina 1
0A97   120A           02326         BCF     PCLATH,4 
                      02327 
                      02328 
0A98   0008           02329         RETURN
                      02330 
                      02331 
0A99                  02332 INCVTIPOHORARIO
0A99   0AAB           02333         INCF    VTIPOHORARIO,F
0A9A   3005           02334         MOVLW   0x05
0A9B   022B           02335         SUBWF   VTIPOHORARIO,W
0A9C   1903           02336         BTFSC   STATUS,Z
0A9D   01AB           02337         CLRF    VTIPOHORARIO
0A9E   0008           02338         RETURN
                      02339 
0A9F                  02340 DECVTIPOHORARIO
0A9F   03AB           02341         DECF    VTIPOHORARIO,F
MPASM  5.42                       RELOJMA.ASM   9-28-2014  11:00:19         PAGE 74


LOC  OBJECT CODE     LINE SOURCE TEXT
  VALUE

0AA0   30FF           02342         MOVLW   0xFF
0AA1   022B           02343         SUBWF   VTIPOHORARIO,W
0AA2   1D03           02344         BTFSS   STATUS,Z
0AA3   0008           02345         RETURN
0AA4   3004           02346         MOVLW   0x04
0AA5   00AB           02347         MOVWF   VTIPOHORARIO
0AA6   0008           02348         RETURN
                      02349 
                      02350 
                      02351 ; COMPROBAR ALARMAS ************************************************************************************
                            ****
                      02352 ; Comprueba cual es la alarma mas sercana
                      02353 
0AA7                  02354 INCDIASEMANA
0AA7   0ADC           02355         INCF    DiaSemana,F
0AA8   3008           02356         MOVLW   0x08
0AA9   025C           02357         SUBWF   DiaSemana,W
0AAA   1903           02358         BTFSC   STATUS,Z
0AAB   2AAF           02359         GOTO    INCDIASEMANA1
0AAC   01DD           02360         CLRF    Hora                    ; Resetea hora y minuto para que detecte la primera
0AAD   01DE           02361         CLRF    Minuto                  ; alarma del siguiente día
0AAE   0008           02362         RETURN
0AAF                  02363 INCDIASEMANA1
0AAF   01DC           02364         CLRF    DiaSemana
0AB0   0ADC           02365         INCF    DiaSemana,F
0AB1   01DD           02366         CLRF    Hora                    ; Resetea hora y minuto para que detecte la primera
0AB2   01DE           02367         CLRF    Minuto                  ; alarma del siguiente día
0AB3   0008           02368         RETURN
                      02369 
                      02370 ; Inicio subrutina comparar alarmas
                      02371 
0AB4                  02372 COMPALARMAS
0AB4   01A5           02373         CLRF    NALARMA
0AB5   0AA5           02374         INCF    NALARMA,F
0AB6   3007           02375         MOVLW   0x07                    ; Coloca el día domingo en CONTDIATH
0AB7   00C4           02376         MOVWF   CONTDIATH
0AB8   01C6           02377         CLRF    TOTALADIAS              ; Resetea TOTALDIAS
                      02378 
0AB9                  02379 COMPALARMASDZ
0AB9   30F1           02380         MOVLW   EEDDTHLUN               ; Coloca la posición en la eeprom del día       
0ABA   0744           02381         ADDWF   CONTDIATH,W             ; Empieza a comprobar desde el Domingo hacia abajo
0ABB   018A           02382         CLRF    PCLATH                  ; si el día esta o no activado
Message[306]: Crossing page boundary -- ensure page bits are set.
0ABC   2797           02383         CALL    EEDIR
0ABD   018A           02384         CLRF    PCLATH                  ; Pagina 0
Message[306]: Crossing page boundary -- ensure page bits are set.
0ABE   279D           02385         CALL    EELEER
0ABF   158A           02386         BSF     PCLATH,3                ; Pagina 1
0AC0   120A           02387         BCF     PCLATH,4 
0AC1   07C6           02388         ADDWF   TOTALADIAS,F            ; Va almacenando en TOTALDIAS
0AC2   0BC4           02389         DECFSZ  CONTDIATH,F
0AC3   2AB9           02390         GOTO    COMPALARMASDZ
                      02391         
MPASM  5.42                       RELOJMA.ASM   9-28-2014  11:00:19         PAGE 75


LOC  OBJECT CODE     LINE SOURCE TEXT
  VALUE

0AC4   01B1           02392         CLRF    NALARMACERCANA          ; Si TOTALDIAS es cero es porque ningun día esta activado
0AC5   08C6           02393         MOVF    TOTALADIAS,F            ; coloca alarma cercana en cero para decir que no hay alarmas
0AC6   1903           02394         BTFSC   STATUS,Z                ; y sale
0AC7   0008           02395         RETURN
                      02396 
                      02397 ; Si algun o algunos días esta activado continua                
0AC8   01B2           02398         CLRF    NALARMACERCANAF         ; Resetea la bandera de alarma cercana
0AC9   018A           02399         CLRF    PCLATH                  ; Pagina 0
                      02400 ;       CALL    DS1307_Lee              ; Lee la hora actual del DS1307
0ACA   158A           02401         BSF     PCLATH,3                ; Pagina 1
0ACB   120A           02402         BCF     PCLATH,4 
0ACC   01C5           02403         CLRF    ULTIMAALARMAD           ; Resetea la bandera de última alarma
                      02404 
0ACD                  02405 COMPALARMAS1Y
0ACD   30FF           02406         MOVLW   0xFF                    ; Asigna el valor máximo a las diferencias menores
0ACE   00B5           02407         MOVWF   HORADIFMENOR
0ACF   00B6           02408         MOVWF   MINUTODIFMENOR
0AD0   00B7           02409         MOVWF   MINUTOMENOR
                      02410 
0AD1   085C           02411         MOVF    DiaSemana,W             ; Inicia con el día de la semana actual
0AD2   00AA           02412         MOVWF   DIAALARMA               ; Guarda día semana en DIAALARMA
0AD3   30F1           02413         MOVLW   EEDDTHLUN               ; Coloca la posición en la eeprom del día
0AD4   075C           02414         ADDWF   DiaSemana,W             ; Lee el tipo de horario del día actual
0AD5   018A           02415         CLRF    PCLATH                  ; Pagina 0
Message[306]: Crossing page boundary -- ensure page bits are set.
0AD6   2797           02416         CALL    EEDIR
0AD7   018A           02417         CLRF    PCLATH                  ; Pagina 0
Message[306]: Crossing page boundary -- ensure page bits are set.
0AD8   279D           02418         CALL    EELEER
0AD9   158A           02419         BSF     PCLATH,3                ; Pagina 1
0ADA   120A           02420         BCF     PCLATH,4 
0ADB   00AB           02421         MOVWF   VTIPOHORARIO
0ADC   1D03           02422         BTFSS   STATUS,Z
0ADD   2AE0           02423         GOTO    COMPALARMAS1Z           ; Si esta activada continua
0ADE   22A7           02424         CALL    INCDIASEMANA            ; Si ese día esta desactivado incrementa DiaSemana e inicia de n
                            uevo
0ADF   2ACD           02425         GOTO    COMPALARMAS1Y
                      02426 
                      02427 
                      02428 ; Si encuentra un día donde esta activada la alarma evelua ese día
0AE0                  02429 COMPALARMAS1Z
0AE0   01A5           02430         CLRF    NALARMA
0AE1   0AA5           02431         INCF    NALARMA,F
0AE2   01B1           02432         CLRF    NALARMACERCANA          ; Inicializa NALARMACERCANA
                      02433 
0AE3                  02434 COMPALARMAS1ZA
0AE3   082B           02435         MOVF    VTIPOHORARIO,W          ; Multiplica Tipo de Horario por 30 y lo asigna
0AE4   00A7           02436         MOVWF   CONTADOR                ; a NALARMAP, puntero de la alarma
0AE5   0825           02437         MOVF    NALARMA,W
0AE6   00A6           02438         MOVWF   NALARMAP
                      02439         
0AE7                  02440 COMPALARMAS1ZB
0AE7   0BA7           02441         DECFSZ  CONTADOR,F
MPASM  5.42                       RELOJMA.ASM   9-28-2014  11:00:19         PAGE 76


LOC  OBJECT CODE     LINE SOURCE TEXT
  VALUE

0AE8   2AEA           02442         GOTO    COMPALARMAS1ZBB
0AE9   2AED           02443         GOTO    COMPALARMAS1
0AEA                  02444 COMPALARMAS1ZBB 
0AEA   301E           02445         MOVLW   d'30'
0AEB   07A6           02446         ADDWF   NALARMAP,F
0AEC   2AE7           02447         GOTO    COMPALARMAS1ZB
                      02448         
0AED                  02449 COMPALARMAS1
0AED   0826           02450         MOVF    NALARMAP,W              ; Multiplica por 2 a NALARMA para leer los datos en los
0AEE   1003           02451         BCF     STATUS,C                ; dos registros de la EEPROM
0AEF   0D26           02452         RLF     NALARMAP,W
0AF0   018A           02453         CLRF    PCLATH                  ; Pagina 0
Message[306]: Crossing page boundary -- ensure page bits are set.
0AF1   2797           02454         CALL    EEDIR
0AF2   018A           02455         CLRF    PCLATH                  ; Pagina 0
Message[306]: Crossing page boundary -- ensure page bits are set.
0AF3   279D           02456         CALL    EELEER
0AF4   393F           02457         ANDLW   b'00111111'
0AF5   00A8           02458         MOVWF   HORAALARMA              ; Lee hora alarma
0AF6   1003           02459         BCF     STATUS,C
0AF7   0D26           02460         RLF     NALARMAP,W
0AF8   3E01           02461         ADDLW   0x01
0AF9   018A           02462         CLRF    PCLATH                  ; Pagina 0
Message[306]: Crossing page boundary -- ensure page bits are set.
0AFA   2797           02463         CALL    EEDIR
0AFB   018A           02464         CLRF    PCLATH                  ; Pagina 0
Message[306]: Crossing page boundary -- ensure page bits are set.
0AFC   279D           02465         CALL    EELEER
0AFD   158A           02466         BSF     PCLATH,3                ; Pagina 1
0AFE   120A           02467         BCF     PCLATH,4 
0AFF   00AD           02468         MOVWF   ESTADOALARMA            ; Lee el estado de la alarma
0B00   397F           02469         ANDLW   b'01111111'
0B01   00A9           02470         MOVWF   MINUTOALARMA            ; Lee el minuto de la alarma
                      02471 
                      02472 
0B02   1FAD           02473         BTFSS   ESTADOALARMA,7          ; Si la alarma esta apagada
0B03   2B2E           02474         GOTO    COMPALARMAS2            ; continua con otra
                      02475 
0B04   085D           02476         MOVF    Hora,W
0B05   0228           02477         SUBWF   HORAALARMA,W            ; HORAALARMA - Hora = HORADIF
0B06   00B3           02478         MOVWF   HORADIF
                      02479         
0B07   085E           02480         MOVF    Minuto,W
0B08   0229           02481         SUBWF   MINUTOALARMA,W          ; MINUTOALARMA - Minuto = MINUTODIF
0B09   00B4           02482         MOVWF   MINUTODIF
                      02483 
0B0A   0834           02484         MOVF    MINUTODIF,W             ; Si la alarma esta en la hora y minuto actual sigue 
0B0B   0733           02485         ADDWF   HORADIF,W               ; con otra alarma
0B0C   1903           02486         BTFSC   STATUS,Z
0B0D   2B2E           02487         GOTO    COMPALARMAS2
                      02488 
0B0E   08B3           02489         MOVF    HORADIF,F               ; Comprueba si esta en la misma hora
0B0F   1903           02490         BTFSC   STATUS,Z
MPASM  5.42                       RELOJMA.ASM   9-28-2014  11:00:19         PAGE 77


LOC  OBJECT CODE     LINE SOURCE TEXT
  VALUE

0B10   2B20           02491         GOTO    COMPALARMAS1B
                      02492 
0B11   0835           02493         MOVF    HORADIFMENOR,W
0B12   0233           02494         SUBWF   HORADIF,W               ; HORADIF - HORADIFMENOR, si el resultado es negativo
0B13   1903           02495         BTFSC   STATUS,Z                ; Si son iguales, trabaja la misma hora
0B14   2B19           02496         GOTO    COMPALARMAS1A           
0B15   1803           02497         BTFSC   STATUS,C                ; HORADIF es menor y Carry es cero
0B16   2B2E           02498         GOTO    COMPALARMAS2            ; Si HORADIF es mayor sigue con otra alarma
0B17   30FF           02499         MOVLW   0xFF
0B18   00B7           02500         MOVWF   MINUTOMENOR
                      02501 
0B19                  02502 COMPALARMAS1A                           ; No esta en la misma hora, mira el minuto menor
0B19   0837           02503         MOVF    MINUTOMENOR,W
0B1A   0229           02504         SUBWF   MINUTOALARMA,W          ; MINUTOALARMA - MINUTOMENOR
0B1B   1803           02505         BTFSC   STATUS,C                ; Si MINUTOMENOR es mayor a minuto alarma Carry cero
0B1C   2B2E           02506         GOTO    COMPALARMAS2            ; Sigue con otra alarma
0B1D   0829           02507         MOVF    MINUTOALARMA,W          ; Minuto menor es mayor entonces Minuto alarma es
0B1E   00B7           02508         MOVWF   MINUTOMENOR             ; el nuevo minuto menor
0B1F   2B2A           02509         GOTO    COMPALARMAS1C           ; La coloca como la alarma mas cercana
                      02510 
                      02511 
0B20                  02512 COMPALARMAS1B
0B20   085E           02513         MOVF    Minuto,W
0B21   0229           02514         SUBWF   MINUTOALARMA,W          ; MINUTOALARMA - Minuto = MINUTODIF
0B22   1C03           02515         BTFSS   STATUS,C                ; Si minuto es mayor a minuto alarma Carry cero
0B23   2B2E           02516         GOTO    COMPALARMAS2
                      02517         
0B24   0836           02518         MOVF    MINUTODIFMENOR,W
0B25   0234           02519         SUBWF   MINUTODIF,W             ; MINUTODIF - MINUTODIFMENOR, si el resultado es negativo
0B26   1803           02520         BTFSC   STATUS,C                ; MINUTODIF es menor y Carry es cero
0B27   2B2E           02521         GOTO    COMPALARMAS2            ; Si MINUTODIF es mayor sigue con otra alarma
0B28   0834           02522         MOVF    MINUTODIF,W
0B29   00B6           02523         MOVWF   MINUTODIFMENOR
                      02524         
                      02525 
                      02526         
0B2A                  02527 COMPALARMAS1C
0B2A   0825           02528         MOVF    NALARMA,W               ; Si tanto HORADIF como MINUTODIF son los menores
0B2B   00B1           02529         MOVWF   NALARMACERCANA          ; entonces NALARMA es NALARMACERCANA
0B2C   0833           02530         MOVF    HORADIF,W
0B2D   00B5           02531         MOVWF   HORADIFMENOR
                      02532 
                      02533         
0B2E                  02534 COMPALARMAS2
                      02535 
0B2E   0AA5           02536         INCF    NALARMA,F
0B2F   301F           02537         MOVLW   d'31'
0B30   0225           02538         SUBWF   NALARMA,W
0B31   1D03           02539         BTFSS   STATUS,Z                ; Si NALARMA es 31 termina
0B32   2AE3           02540         GOTO    COMPALARMAS1ZA          ; Si no continua con la siguiente alarma
                      02541         
0B33   0831           02542         MOVF    NALARMACERCANA,W        
0B34   00A5           02543         MOVWF   NALARMA
MPASM  5.42                       RELOJMA.ASM   9-28-2014  11:00:19         PAGE 78


LOC  OBJECT CODE     LINE SOURCE TEXT
  VALUE

                      02544 
0B35   08B1           02545         MOVF    NALARMACERCANA,F        ; Comprueba si no hubo alarmas cercanas
0B36   1D03           02546         BTFSS   STATUS,Z                ; Comprueba si NALARMACERCANA es igual a 0x00
0B37   2B3E           02547         GOTO    COMPALARMAS2A           ; Si hay alguna alarma cercana continua
0B38   08B2           02548         MOVF    NALARMACERCANAF,F       ; Comprueba la bandera si ya se paso por aqui
0B39   1D03           02549         BTFSS   STATUS,Z                
0B3A   2B3E           02550         GOTO    COMPALARMAS2A           ; Si ya se paso continua
0B3B   0AB2           02551         INCF    NALARMACERCANAF,F
0B3C   0ADD           02552         INCF    Hora,F                  ; Si no hay alarmas cercanas incrementa la hora y vuelve a 
0B3D   2ACD           02553         GOTO    COMPALARMAS1Y           ; comparar sin leer la hora
                      02554 
0B3E                  02555 COMPALARMAS2A
                      02556 
0B3E                  02557 COMPALARMAS2AA
0B3E   082B           02558         MOVF    VTIPOHORARIO,W          ; Multiplica Tipo de Horario por 30 y lo asigna
0B3F   00A7           02559         MOVWF   CONTADOR                ; a NALARMAP, puntero de la alarma
0B40   0825           02560         MOVF    NALARMA,W
0B41   00A6           02561         MOVWF   NALARMAP
                      02562         
0B42                  02563 COMPALARMAS2AB
0B42   0BA7           02564         DECFSZ  CONTADOR,F
0B43   2B45           02565         GOTO    COMPALARMAS2ABB
0B44   2B48           02566         GOTO    COMPALARMAS2ACC
0B45                  02567 COMPALARMAS2ABB 
0B45   301E           02568         MOVLW   d'30'
0B46   07A6           02569         ADDWF   NALARMAP,F
0B47   2B42           02570         GOTO    COMPALARMAS2AB
                      02571 
0B48                  02572 COMPALARMAS2ACC
0B48   0826           02573         MOVF    NALARMAP,W
0B49   1003           02574         BCF     STATUS,C
0B4A   0D26           02575         RLF     NALARMAP,W
0B4B   018A           02576         CLRF    PCLATH                  ; Pagina 0
Message[306]: Crossing page boundary -- ensure page bits are set.
0B4C   2797           02577         CALL    EEDIR
0B4D   018A           02578         CLRF    PCLATH                  ; Pagina 0
Message[306]: Crossing page boundary -- ensure page bits are set.
0B4E   279D           02579         CALL    EELEER
0B4F   00AE           02580         MOVWF   TIPOTIMBRE
0B50   393F           02581         ANDLW   b'00111111'
0B51   00A8           02582         MOVWF   HORAALARMA
0B52   1003           02583         BCF     STATUS,C
0B53   0D26           02584         RLF     NALARMAP,W
0B54   3E01           02585         ADDLW   0x01
0B55   018A           02586         CLRF    PCLATH                  ; Pagina 0
Message[306]: Crossing page boundary -- ensure page bits are set.
0B56   2797           02587         CALL    EEDIR
0B57   018A           02588         CLRF    PCLATH                  ; Pagina 0
Message[306]: Crossing page boundary -- ensure page bits are set.
0B58   279D           02589         CALL    EELEER
0B59   00AD           02590         MOVWF   ESTADOALARMA
0B5A   397F           02591         ANDLW   b'01111111'
0B5B   00A9           02592         MOVWF   MINUTOALARMA
MPASM  5.42                       RELOJMA.ASM   9-28-2014  11:00:19         PAGE 79


LOC  OBJECT CODE     LINE SOURCE TEXT
  VALUE

0B5C   082E           02593         MOVF    TIPOTIMBRE,W
0B5D   018A           02594         CLRF    PCLATH                  ; Pagina 0
Message[306]: Crossing page boundary -- ensure page bits are set.
0B5E   2511           02595         CALL    ROTAR6D
0B5F   158A           02596         BSF     PCLATH,3                ; Pagina 1
0B60   120A           02597         BCF     PCLATH,4 
0B61   00AE           02598         MOVWF   TIPOTIMBRE
                      02599 
                      02600         
0B62   3008           02601         MOVLW   d'8'                    ; Si se ha incrementado mas de 8 veces el día sale
0B63   0245           02602         SUBWF   ULTIMAALARMAD,W
0B64   1903           02603         BTFSC   STATUS,Z
0B65   0008           02604         RETURN
                      02605         
0B66   08A5           02606         MOVF    NALARMA,F               ; Si no hay alarmas cercanas sigue con otro día
0B67   1D03           02607         BTFSS   STATUS,Z
0B68   2B6C           02608         GOTO    COMPALARMAS2B
0B69   22A7           02609         CALL    INCDIASEMANA
0B6A   0AC5           02610         INCF    ULTIMAALARMAD,F         ; Saber cuantas veces se ha incrementado el día
0B6B   2ACD           02611         GOTO    COMPALARMAS1Y           ; Continual con el día desde el principio
                      02612 
0B6C                  02613 COMPALARMAS2B   
                      02614 
                      02615 
0B6C   085D           02616         MOVF    Hora,W
0B6D   0228           02617         SUBWF   HORAALARMA,W            ; HORAALARMA - Hora = HORADIF
0B6E   00B3           02618         MOVWF   HORADIF
0B6F   1903           02619         BTFSC   STATUS,Z
0B70   2B78           02620         GOTO    COMPALARMAS3
                      02621         
0B71   0833           02622         MOVF    HORADIF,W               ; HORADIF - 0xD0
0B72   3CD0           02623         SUBLW   0xD0
0B73   1803           02624         BTFSC   STATUS,C
0B74   0008           02625         RETURN                          ; HORADIF < 0xD0 No es la última hora del día
0B75   22A7           02626         CALL    INCDIASEMANA            ; HORADIF > 0xD0, es la última alarma del día, incrementa el día
0B76   0AC5           02627         INCF    ULTIMAALARMAD,F         ; Saber cuantas veces se ha incrementado el día
0B77   2ACD           02628         GOTO    COMPALARMAS1Y           ; Continual con el día desde el principio
                      02629         
                      02630 
                      02631 
0B78                  02632 COMPALARMAS3
                      02633 
0B78   085E           02634         MOVF    Minuto,W
0B79   0229           02635         SUBWF   MINUTOALARMA,W          ; MINUTOALARMA - Minuto = MINUTODIF
0B7A   00B4           02636         MOVWF   MINUTODIF
                      02637 
                      02638 
0B7B   0834           02639         MOVF    MINUTODIF,W             ; MINUTODIF - 0xA0
0B7C   3CA0           02640         SUBLW   0xA0
0B7D   1803           02641         BTFSC   STATUS,C
0B7E   0008           02642         RETURN                          ; MINUTODIF < 0xA0 es un minuto posterior al actual con hora igu
                            al
0B7F   22A7           02643         CALL    INCDIASEMANA            ; MINUTODIF > 0xA0, es es un minuto anterior al actual con hora 
MPASM  5.42                       RELOJMA.ASM   9-28-2014  11:00:19         PAGE 80


LOC  OBJECT CODE     LINE SOURCE TEXT
  VALUE

                            igual
0B80   1445           02644         BSF     ULTIMAALARMAD,0         ; Activa la bandera de ultima alarma
0B81   2ACD           02645         GOTO    COMPALARMAS1Y           ; Continual con el día desde el principio
                      02646 
                      02647 
                      02648 
0B82                  02649 ANTESDELOGO
                      02650         IF (ANTESDELOGO > 0xDFE)
                      02651                 ERROR   "Atención: Se interrumpe con el logo"
                      02652                 MESSG   "de la direccion 0xE00"
                      02653         ENDIF
                      02654 ; LOGO**** *********************************************************************************************
                            *******
                      02655 
                      02656 
0E01                  02657         ORG     0xE01
                      02658 
0E01                  02659 LCD_DIBLOGORET
0E01   0782           02660         ADDWF   PCL,F
                      02661         
0E02   3400           02662         RETLW   b'00000000'
0E03   3400           02663         RETLW   b'00000000'
0E04   3400           02664         RETLW   b'00000000'
0E05   3401           02665         RETLW   b'00000001'
0E06   3407           02666         RETLW   b'00000111'
0E07   341C           02667         RETLW   b'00011100'
0E08   341C           02668         RETLW   b'00011100'
0E09   340F           02669         RETLW   b'00001111'
                      02670 
0E0A   3400           02671         RETLW   b'00000000'
0E0B   3403           02672         RETLW   b'00000011'
0E0C   340E           02673         RETLW   b'00001110'
0E0D   3418           02674         RETLW   b'00011000'
0E0E   3403           02675         RETLW   b'00000011'
0E0F   3403           02676         RETLW   b'00000011'
0E10   3400           02677         RETLW   b'00000000'
0E11   341F           02678         RETLW   b'00011111'
                      02679 
0E12   341E           02680         RETLW   b'00011110'
0E13   341E           02681         RETLW   b'00011110'
0E14   3406           02682         RETLW   b'00000110'
0E15   3400           02683         RETLW   b'00000000'
0E16   341E           02684         RETLW   b'00011110'
0E17   341E           02685         RETLW   b'00011110'
0E18   3406           02686         RETLW   b'00000110'
0E19   341E           02687         RETLW   b'00011110'
                      02688 
0E1A   340F           02689         RETLW   b'00001111'
0E1B   340F           02690         RETLW   b'00001111'
0E1C   340C           02691         RETLW   b'00001100'
0E1D   340C           02692         RETLW   b'00001100'
0E1E   340C           02693         RETLW   b'00001100'
0E1F   340C           02694         RETLW   b'00001100'
MPASM  5.42                       RELOJMA.ASM   9-28-2014  11:00:19         PAGE 81


LOC  OBJECT CODE     LINE SOURCE TEXT
  VALUE

0E20   340C           02695         RETLW   b'00001100'
0E21   340F           02696         RETLW   b'00001111'
                      02697 
0E22   3400           02698         RETLW   b'00000000'
0E23   3418           02699         RETLW   b'00011000'
0E24   340E           02700         RETLW   b'00001110'
0E25   3403           02701         RETLW   b'00000011'
0E26   3400           02702         RETLW   b'00000000'
0E27   3400           02703         RETLW   b'00000000'
0E28   3400           02704         RETLW   b'00000000'
0E29   341F           02705         RETLW   b'00011111'
                      02706 
0E2A   3400           02707         RETLW   b'00000000'
0E2B   3400           02708         RETLW   b'00000000'
0E2C   3400           02709         RETLW   b'00000000'
0E2D   3410           02710         RETLW   b'00010000'
0E2E   341C           02711         RETLW   b'00011100'
0E2F   3407           02712         RETLW   b'00000111'
0E30   3407           02713         RETLW   b'00000111'
0E31   341E           02714         RETLW   b'00011110'
                      02715 
                      02716 
                      02717         END
MPASM  5.42                       RELOJMA.ASM   9-28-2014  11:00:19         PAGE 82


SYMBOL TABLE
  LABEL                             VALUE 

ACKDT                             00000005
ACKEN                             00000004
ACKSTAT                           00000006
ACTMENU                           000004AD
ACTTIPOTIMBRE                     0000037D
ADCON0                            0000001F
ADCON1                            0000009F
ADCS0                             00000006
ADCS1                             00000007
ADCS2                             00000006
ADDEN                             00000003
ADFM                              00000007
ADIE                              00000006
ADIF                              00000006
ADON                              00000000
ADRESH                            0000001E
ADRESL                            0000009E
AMPM                              00000024
ANTESDELOGO                       00000B82
ARELOJ                            00000139
ARELOJ2                           0000018A
ARELOJ3                           000001B5
Anho                              00000059
BCLIE                             00000003
BCLIF                             00000003
BF                                00000000
BINAD99                           00000900
BINAD991                          00000902
BINAD992                          00000906
BINAD99E                          0000090C
BINAD99F                          0000090F
BINADECC                          00000918
BINAUNIC                          00000914
BRGH                              00000002
C                                 00000000
C1INV                             00000004
C1OUT                             00000006
C2INV                             00000005
C2OUT                             00000007
CCP1CON                           00000017
CCP1IE                            00000002
CCP1IF                            00000002
CCP1M0                            00000000
CCP1M1                            00000001
CCP1M2                            00000002
CCP1M3                            00000003
CCP1X                             00000005
CCP1Y                             00000004
CCP2CON                           0000001D
CCP2IE                            00000000
CCP2IF                            00000000
CCP2M0                            00000000
CCP2M1                            00000001
MPASM  5.42                       RELOJMA.ASM   9-28-2014  11:00:19         PAGE 83


SYMBOL TABLE
  LABEL                             VALUE 

CCP2M2                            00000002
CCP2M3                            00000003
CCP2X                             00000005
CCP2Y                             00000004
CCPR1                             00000015
CCPR1H                            00000016
CCPR1L                            00000015
CCPR2                             0000001B
CCPR2H                            0000001C
CCPR2L                            0000001B
CHS0                              00000003
CHS1                              00000004
CHS2                              00000005
CIS                               00000003
CKE                               00000006
CKP                               00000004
CM0                               00000000
CM1                               00000001
CM2                               00000002
CMCON                             0000009C
CMIE                              00000006
CMIF                              00000006
COMPALARMAS                       00000AB4
COMPALARMAS1                      00000AED
COMPALARMAS1A                     00000B19
COMPALARMAS1B                     00000B20
COMPALARMAS1C                     00000B2A
COMPALARMAS1Y                     00000ACD
COMPALARMAS1Z                     00000AE0
COMPALARMAS1ZA                    00000AE3
COMPALARMAS1ZB                    00000AE7
COMPALARMAS1ZBB                   00000AEA
COMPALARMAS2                      00000B2E
COMPALARMAS2A                     00000B3E
COMPALARMAS2AA                    00000B3E
COMPALARMAS2AB                    00000B42
COMPALARMAS2ABB                   00000B45
COMPALARMAS2ACC                   00000B48
COMPALARMAS2B                     00000B6C
COMPALARMAS3                      00000B78
COMPALARMASDZ                     00000AB9
CONTADOR                          00000027
CONTDIATH                         00000044
CONTLEDLCD                        00000038
CONTROTAR                         00000030
CONTTECLADOWW                     0000003E
CREN                              00000004
CSRC                              00000007
CVR0                              00000000
CVR1                              00000001
CVR2                              00000002
CVR3                              00000003
CVRCON                            0000009D
MPASM  5.42                       RELOJMA.ASM   9-28-2014  11:00:19         PAGE 84


SYMBOL TABLE
  LABEL                             VALUE 

CVREN                             00000007
CVROE                             00000006
CVRR                              00000005
D                                 00000005
D99DEC                            00000062
D99UNI                            00000061
DATA_ADDRESS                      00000005
DATOTECLA                         00000021
DC                                00000001
DECCONTDIA                        00000A69
DECDIASEM                         00000236
DECNALARMA                        00000366
DECNMENU                          00000393
DECTIPOTIMBRE                     00000375
DECVTIPOHORARIO                   00000A9F
DECVTIPOHORARIOFA                 0000025D
DEFCONTRASENA                     0000091E
DEFCONTRASENA2                    00000931
DEFCONTRASENA3                    00000956
DEFCONTRASENAER                   000009BF
DEFDURATIMBRES                    000009D0
DEFDURATIMBRES1                   000009E4
DEFDURATIMBRES2                   00000A0B
DIAALARMA                         0000002A
DS1307_CargaInicial               00000778
DS1307_DireccionEscritura         000000D0
DS1307_DireccionLectura           000000D1
DS1307_Escribe                    00000782
DS1307_Inicializa                 00000752
DS1307_Lee                        0000075B
DTIMBREC                          00000040
DTIMBREL                          00000041
D_A                               00000005
D_NOT_A                           00000005
Dia                               0000005B
DiaSemana                         0000005C
EEADR                             0000010D
EEADRH                            0000010F
EECON1                            0000018C
EECON2                            0000018D
EEDATA                            0000010C
EEDATH                            0000010E
EEDDCONB                          0xFF
EEDDCONH                          0xFE
EEDDESTACON                       0xFD
EEDDTHLUN                         0xF1
EEDDTIMBREC                       0xFB
EEDDTIMBREL                       0xFC
EEDIR                             00000797
EEESCRIBIR                        000007A8
EEESCRIBIR2                       000007B9
EEIE                              00000004
EEIF                              00000004
MPASM  5.42                       RELOJMA.ASM   9-28-2014  11:00:19         PAGE 85


SYMBOL TABLE
  LABEL                             VALUE 

EELEER                            0000079D
EELEER1                           000007A1
EEPGD                             00000007
EETEMPINTCON                      00000060
ENTERMENU                         00000116
ESTADOALARMA                      0000002D
ESTADOCONTRASENA                  0000003F
F                                 00000001
FERR                              00000002
FIJARALARMAS                      0000023F
FIJARALARMAS1                     00000265
FIJARALARMAS1A                    00000268
FIJARALARMAS1B                    0000027B
FIJARALARMAS1BB                   0000027E
FIJARALARMAS1C                    00000281
FIJARALARMASH                     00000241
FIJARDIASEM                       00000214
FIJARRELOJ                        000001B8
FIJARRELOJ1                       000001DE
FIJARRELOJFECHA                   0000020E
FIJARRELOJN                       00000200
FIJARTHORARIODIA                  00000A6F
FIJARUNAALARMA                    000002D6
FIJARUNAALARMA1                   0000030B
FIJARUNAALARMA1A                  000002EE
FIJARUNAALARMA2                   0000031D
FIJARUNAALARMAFIN                 0000034B
FIJARUNAALARMAN                   0000033D
FININTERRUPCION                   0000009F
FINITECLADO                       00000131
FINPAGINA0                        000007C2
FSR                               00000004
GCEN                              00000007
GIE                               00000007
GO                                00000002
GO_DONE                           00000002
GO_NOT_DONE                       00000002
HORAALARMA                        00000028
HORADIF                           00000033
HORADIFMENOR                      00000035
Hora                              0000005D
I2C_ContadorBits                  00000056
I2C_DATA                          00000005
I2C_Dato                          00000057
I2C_EnviaBit                      0000072C
I2C_EnviaByte                     00000729
I2C_EnviaCero                     0000072F
I2C_EnviaStart                    0000071B
I2C_EnviaStop                     00000723
I2C_EnviaUno                      00000731
I2C_Flags                         00000058
I2C_FlancoSCL                     00000732
I2C_LeeBit                        00000741
MPASM  5.42                       RELOJMA.ASM   9-28-2014  11:00:19         PAGE 86


SYMBOL TABLE
  LABEL                             VALUE 

I2C_LeeByte                       0000073E
I2C_READ                          00000002
I2C_START                         00000003
I2C_STOP                          00000004
I2C_UltimoByteLeer                I2C_Flags,0
IBF                               00000007
IBOV                              00000005
INCCONTDIA                        00000A60
INCCONTDIA1                       00000A66
INCDIASEM                         00000230
INCDIASEMANA                      00000AA7
INCDIASEMANA1                     00000AAF
INCNALARMA                        00000360
INCNMENU                          0000038D
INCTIPOTIMBRE                     0000036F
INCVTIPOHORARIO                   00000A99
INCVTIPOHORARIOFA                 00000257
INDF                              00000000
INICIO                            0000006A
INICIO2                           00000087
INTCON                            0000000B
INTE                              00000004
INTEDG                            00000006
INTERRPUCION                      00000096
INTF                              00000001
IRP                               00000007
ITECLADO                          000000A6
ITECLADO1                         000000E9
ITECLADO2                         00000102
ITECLADOA                         000000BD
LCD_2Lineas4Bits5x7               000005FB
LCD_Auxiliar1                     0000004E
LCD_Auxiliar2                     0000004F
LCD_Borra                         000006A7
LCD_BusDatos                      PORTD
LCD_Byte                          00000637
LCD_ByteCompleto                  0000063F
LCD_Caracter                      00000606
LCD_CaracteresPorLinea            00000010
LCD_CodigoCGROM                   00000614
LCD_CursorIncr                    000005EB
LCD_CursorOFF                     000005F9
LCD_CursorON                      000005F7
LCD_DIBLOGO                       00000672
LCD_DIBLOGO1                      00000679
LCD_DIBLOGORET                    00000E01
LCD_Dato                          0000004C
LCD_DosEspaciosBlancos            0000062E
LCD_EnheMayuscula                 0000061B
LCD_EnheMinuscula                 00000615
LCD_Envia                         0000060B
LCD_EnviaBlancos                  00000631
LCD_EnviaByteLetra                0000064D
MPASM  5.42                       RELOJMA.ASM   9-28-2014  11:00:19         PAGE 87


SYMBOL TABLE
  LABEL                             VALUE 

LCD_EnviaComando                  00000601
LCD_EnviaDato                     000005FC
LCD_EnviaOtroBlanco               00000632
LCD_EscribeLCD                    000005E1
LCD_EspBF                         00000650
LCD_EspBF2                        0000065D
LCD_FinCGROM                      00000628
LCD_FinVisualizaDigito            0000064F
LCD_Grado                         00000622
LCD_GuardaDato                    0000004D
LCD_Inicializa                    000005AC
LCD_Leer                          0000068B
LCD_Linea1                        000005ED
LCD_Linea2                        000005EF
LCD_LineaEnBlanco                 0000062A
LCD_Nibble                        00000644
LCD_OFF                           000005F5
LCD_PinEnable                     PORTD,3
LCD_PinRS                         PORTD,1
LCD_PinRW                         PORTD,2
LCD_PosicionLinea1                000005F1
LCD_PosicionLinea2                000005F3
LCD_TEMP                          00000050
LCD_TEMPRS                        00000051
LCD_TresEspaciosBlancos           00000630
LCD_UnEspacioBlanco               0000062C
LCD_VisualizaAlto                 00000641
LCD_VisualizaBajo                 00000643
MALARMAN                          0000042A
MAXTECLADO                        0000004B
MCONTRASENA                       000003C2
MDOMINGO                          000004EC
MDURATIMBRES                      0000039B
MENCONTRASENA                     000004A8
MENDIA                            000004F3
MENDIAV                           00000043
MENSAJE1TC                        000003EF
MENSAJE1TL                        000003F6
MENSAJE2TC                        000003FD
MENSAJE3TC                        00000404
MENSAJEHORARIO                    00000419
MENSAJEOFF                        0000040B
MENSAJEON                         00000412
MFALARMAS                         00000468
MFRELOJ                           0000044E
MINUTOALARMA                      00000029
MINUTODIF                         00000034
MINUTODIFMENOR                    00000036
MINUTOMENOR                       00000037
MJUEVES                           000004D7
MLUNES                            000004C2
MMARTES                           000004C9
MMIERCOLES                        000004D0
MPASM  5.42                       RELOJMA.ASM   9-28-2014  11:00:19         PAGE 88


SYMBOL TABLE
  LABEL                             VALUE 

MNO                               000003BD
MRINGOFF                          000003EA
MRINGON                           000003D7
MSABADO                           000004E5
MSI                               000003B8
MTHORARIO                         00000486
MVERSION                          0000043F
MVIERNES                          000004DE
Mes                               0000005A
Minuto                            0000005E
NALARMA                           00000025
NALARMACERCANA                    00000031
NALARMACERCANAF                   00000032
NALARMAP                          00000026
NMENU                             00000020
NOT_A                             00000005
NOT_ADDRESS                       00000005
NOT_BO                            00000000
NOT_BOR                           00000000
NOT_DONE                          00000002
NOT_PD                            00000003
NOT_POR                           00000001
NOT_RBPU                          00000007
NOT_RC8                           00000006
NOT_T1SYNC                        00000002
NOT_TO                            00000004
NOT_TX8                           00000006
NOT_W                             00000002
NOT_WRITE                         00000002
OBF                               00000006
OERR                              00000001
OPTION_REG                        00000081
P                                 00000004
PASSWA                            0000003A
PASSWA1                           0000003C
PASSWB                            0000003B
PASSWB1                           0000003D
PCFG0                             00000000
PCFG1                             00000001
PCFG2                             00000002
PCFG3                             00000003
PCL                               00000002
PCLATH                            0000000A
PCON                              0000008E
PEIE                              00000006
PEN                               00000002
PIE1                              0000008C
PIE2                              0000008D
PINLEDLCD                         PORTC,1
PINTIMBRE                         PORTC,0
PIR1                              0000000C
PIR2                              0000000D
PORTA                             00000005
MPASM  5.42                       RELOJMA.ASM   9-28-2014  11:00:19         PAGE 89


SYMBOL TABLE
  LABEL                             VALUE 

PORTB                             00000006
PORTC                             00000007
PORTD                             00000008
PORTE                             00000009
PR2                               00000092
PRINCIPAL                         00000094
PS0                               00000000
PS1                               00000001
PS2                               00000002
PSA                               00000003
PSPIE                             00000007
PSPIF                             00000007
PSPMODE                           00000004
R                                 00000002
R1Decima_BucleExterno             000006F5
R1Decima_BucleExterno2            000006F3
R1Decima_BucleInterno             000006F7
R1ms_BucleExterno                 000006DE
R1ms_BucleInterno                 000006E0
RA0                               00000000
RA1                               00000001
RA2                               00000002
RA3                               00000003
RA4                               00000004
RA5                               00000005
RB0                               00000000
RB1                               00000001
RB2                               00000002
RB3                               00000003
RB4                               00000004
RB5                               00000005
RB6                               00000006
RB7                               00000007
RBIE                              00000003
RBIF                              00000000
RC0                               00000000
RC1                               00000001
RC2                               00000002
RC3                               00000003
RC4                               00000004
RC5                               00000005
RC6                               00000006
RC7                               00000007
RC8_9                             00000006
RC9                               00000006
RCD8                              00000000
RCEN                              00000003
RCIE                              00000005
RCIF                              00000005
RCREG                             0000001A
RCSTA                             00000018
RD                                00000000
RD0                               00000000
MPASM  5.42                       RELOJMA.ASM   9-28-2014  11:00:19         PAGE 90


SYMBOL TABLE
  LABEL                             VALUE 

RD1                               00000001
RD2                               00000002
RD3                               00000003
RD4                               00000004
RD5                               00000005
RD6                               00000006
RD7                               00000007
RE0                               00000000
RE1                               00000001
RE2                               00000002
READ_WRITE                        00000002
RESTDIASEM                        0000023C
RESTNALARMA                       0000036C
RESVTIPOHORARIOFA                 00000262
ROTAR6D                           00000511
ROTAR6D1                          00000514
ROTAR6I                           0000051A
ROTAR6I1                          0000051D
RP0                               00000005
RP1                               00000006
RSEN                              00000001
RX9                               00000006
RX9D                              00000000
R_ContA                           00000052
R_ContB                           00000053
R_ContC                           00000054
R_ContSeg                         00000055
R_NOT_W                           00000002
R_W                               00000002
RetardoMicros                     000006CA
Retardo_100micros                 000006C4
Retardo_100ms                     000006D0
Retardo_10micros                  000006B7
Retardo_10ms                      000006D6
Retardo_10s                       000006E8
Retardo_1Decima                   000006F1
Retardo_1ms                       000006DC
Retardo_1s                        000006EE
Retardo_200micros                 000006C1
Retardo_200ms                     000006CE
Retardo_20micros                  000006C9
Retardo_20ms                      000006D4
Retardo_20s                       000006E6
Retardo_2ms                       000006DA
Retardo_2s                        000006EC
Retardo_4micros                   000006BD
Retardo_500micros                 000006BE
Retardo_500ms                     000006F0
Retardo_50micros                  000006C6
Retardo_50ms                      000006D2
Retardo_5micros                   000006BC
Retardo_5ms                       000006D8
Retardo_5s                        000006EA
MPASM  5.42                       RELOJMA.ASM   9-28-2014  11:00:19         PAGE 91


SYMBOL TABLE
  LABEL                             VALUE 

Retardo_wseg                      000006FF
Retardo_wseg1                     00000702
Retardos_ms                       000006DD
Rmicros_Bucle                     000006CB
S                                 00000003
SCL                               PORTA,3
SCL_AltaImpedancia                00000715
SCL_Bajo                          00000710
SCL_EsperaNivelAlto               00000718
SDA                               PORTA,4
SDA_AltaImpedancia                0000070C
SDA_Bajo                          00000707
SEN                               00000000
SMP                               00000007
SONADAALARMAMF                    00000042
SPBRG                             00000099
SPEN                              00000007
SREN                              00000005
SSPADD                            00000093
SSPBUF                            00000013
SSPCON                            00000014
SSPCON2                           00000091
SSPEN                             00000005
SSPIE                             00000003
SSPIF                             00000003
SSPM0                             00000000
SSPM1                             00000001
SSPM2                             00000002
SSPM3                             00000003
SSPOV                             00000006
SSPSTAT                           00000094
STATUS                            00000003
SYNC                              00000004
Segundo                           0000005F
T0CS                              00000005
T0IE                              00000005
T0IF                              00000002
T0SE                              00000004
T1CKPS0                           00000004
T1CKPS1                           00000005
T1CON                             00000010
T1INSYNC                          00000002
T1OSCEN                           00000003
T1SYNC                            00000002
T2CKPS0                           00000000
T2CKPS1                           00000001
T2CON                             00000012
TABAJO                            0000000D
TARRIBA                           0000000E
TAST                              0000000A
TEMPHORA                          00000039
TEMPROTAR                         0000002F
TEMPS                             00000022
MPASM  5.42                       RELOJMA.ASM   9-28-2014  11:00:19         PAGE 92


SYMBOL TABLE
  LABEL                             VALUE 

TEMPTECLADO                       0000004A
TEMPTECLAP                        00000047
TEMPW                             00000023
TENTER                            0000000F
TESTEARALARMA                     00000523
TESTEARALARMA1B                   0000053F
TESTEARALARMA1BB                  00000542
TESTEARALARMA1C                   00000545
TESTEARALARMAFIN                  0000055D
TESTEARALARMANO                   00000567
TIEMPOLCD                         d'20'
TIMBRAR1TC                        00000569
TIMBRAR1TL                        00000570
TIMBRAR2TC                        00000577
TIMBRAR3TC                        00000585
TIPOHORARIO                       00000A37
TIPOHORARIO1                      00000A39
TIPOTIMBRE                        0000002E
TMENU                             0000000C
TMR0                              00000001
TMR0IE                            00000005
TMR0IF                            00000002
TMR1CS                            00000001
TMR1H                             0000000F
TMR1IE                            00000000
TMR1IF                            00000000
TMR1L                             0000000E
TMR1ON                            00000000
TMR2                              00000011
TMR2IE                            00000001
TMR2IF                            00000001
TMR2ON                            00000002
TNUM                              0000000B
TOTALADIAS                        00000046
TOUTPS0                           00000003
TOUTPS1                           00000004
TOUTPS2                           00000005
TOUTPS3                           00000006
TPORTB                            00000049
TRISA                             00000085
TRISA0                            00000000
TRISA1                            00000001
TRISA2                            00000002
TRISA3                            00000003
TRISA4                            00000004
TRISA5                            00000005
TRISB                             00000086
TRISB0                            00000000
TRISB1                            00000001
TRISB2                            00000002
TRISB3                            00000003
TRISB4                            00000004
TRISB5                            00000005
MPASM  5.42                       RELOJMA.ASM   9-28-2014  11:00:19         PAGE 93


SYMBOL TABLE
  LABEL                             VALUE 

TRISB6                            00000006
TRISB7                            00000007
TRISC                             00000087
TRISC0                            00000000
TRISC1                            00000001
TRISC2                            00000002
TRISC3                            00000003
TRISC4                            00000004
TRISC5                            00000005
TRISC6                            00000006
TRISC7                            00000007
TRISD                             00000088
TRISD0                            00000000
TRISD1                            00000001
TRISD2                            00000002
TRISD3                            00000003
TRISD4                            00000004
TRISD5                            00000005
TRISD6                            00000006
TRISD7                            00000007
TRISE                             00000089
TRISE0                            00000000
TRISE1                            00000001
TRISE2                            00000002
TRMT                              00000001
TX8_9                             00000006
TX9                               00000006
TX9D                              00000000
TXD8                              00000000
TXEN                              00000005
TXIE                              00000004
TXIF                              00000004
TXREG                             00000019
TXSTA                             00000098
Tecl_ChequeaFila                  00000038
Tecl_Columna1                     0000003D
Tecl_Columna2                     00000040
Tecl_Columna3                     00000043
Tecl_Columna4                     00000046
Tecl_ConvierteOrdenEnHex          0000000B
Tecl_FinLeeHex                    0000000A
Tecl_FinTecladoLee                00000054
Tecl_GuardaValor                  00000052
Tecl_NoPulsada                    00000050
Tecl_TeclaOrden                   00000048
Tecl_TerminaColumnas              00000049
Tecl_UltimaTecla                  0000000F
Teclado_Comprobacion              000000F0
Teclado_EsperaDejePulsar          00000027
Teclado_FinTablaHex               0000001C
Teclado_Inicializa                0000001C
Teclado_LeeHex                    00000005
Teclado_LeeHexw                   00000055
MPASM  5.42                       RELOJMA.ASM   9-28-2014  11:00:19         PAGE 94


SYMBOL TABLE
  LABEL                             VALUE 

Teclado_LeeHexww                  0000059A
Teclado_LeeHexww1                 0000059D
Teclado_LeeHexwwe                 000005AA
Teclado_LeeOrdenTecla             00000035
Teclado_Leemax                    0000005D
Teclado_Leemaxa                   0000005F
Teclado_SigueEsperando            0000002D
UA                                00000001
ULTIMAALARMAD                     00000045
VTIPOHORARIO                      0000002B
VTIPOHORARIO2                     0000002C
W                                 00000000
WCOL                              00000007
WR                                00000001
WREN                              00000002
WRERR                             00000003
Z                                 00000002
_BODEN_OFF                        00003FBF
_BODEN_ON                         00003FFF
_CONFIG                           00002007
_CPD_OFF                          00003FFF
_CPD_ON                           00003EFF
_CP_ALL                           00001FFF
_CP_OFF                           00003FFF
_DEBUG_OFF                        00003FFF
_DEBUG_ON                         000037FF
_DEVID1                           00002006
_HS_OSC                           00003FFE
_IDLOC0                           00002000
_IDLOC1                           00002001
_IDLOC2                           00002002
_IDLOC3                           00002003
_LP_OSC                           00003FFC
_LVP_OFF                          00003F7F
_LVP_ON                           00003FFF
_PWRTE_OFF                        00003FFF
_PWRTE_ON                         00003FF7
_RC_OSC                           00003FFF
_WDT_OFF                          00003FFB
_WDT_ON                           00003FFF
_WRT_1FOURTH                      00003BFF
_WRT_256                          00003DFF
_WRT_HALF                         000039FF
_WRT_OFF                          00003FFF
_XT_OSC                           00003FFD
__16F877A                         00000001
MPASM  5.42                       RELOJMA.ASM   9-28-2014  11:00:19         PAGE 95


MEMORY USAGE MAP ('X' = Used,  '-' = Unused)


0000 : X---XXXXXXXXXXXX XXXXXXXXXXXXXXXX XXXXXXXXXXXXXXXX XXXXXXXXXXXXXXXX
0040 : XXXXXXXXXXXXXXXX XXXXXXXXXXXXXXXX XXXXXXXXXXXXXXXX XXXXXXXXXXXXXXXX
0080 : XXXXXXXXXXXXXXXX XXXXXXXXXXXXXXXX XXXXXXXXXXXXXXXX XXXXXXXXXXXXXXXX
00C0 : XXXXXXXXXXXXXXXX XXXXXXXXXXXXXXXX XXXXXXXXXXXXXXXX XXXXXXXXXXXXXXXX
0100 : XXXXXXXXXXXXXXXX XXXXXXXXXXXXXXXX XXXXXXXXXXXXXXXX XXXXXXXXXXXXXXXX
0140 : XXXXXXXXXXXXXXXX XXXXXXXXXXXXXXXX XXXXXXXXXXXXXXXX XXXXXXXXXXXXXXXX
0180 : XXXXXXXXXXXXXXXX XXXXXXXXXXXXXXXX XXXXXXXXXXXXXXXX XXXXXXXXXXXXXXXX
01C0 : XXXXXXXXXXXXXXXX XXXXXXXXXXXXXXXX XXXXXXXXXXXXXXXX XXXXXXXXXXXXXXXX
0200 : XXXXXXXXXXXXXXXX XXXXXXXXXXXXXXXX XXXXXXXXXXXXXXXX XXXXXXXXXXXXXXXX
0240 : XXXXXXXXXXXXXXXX XXXXXXXXXXXXXXXX XXXXXXXXXXXXXXXX XXXXXXXXXXXXXXXX
0280 : XXXXXXXXXXXXXXXX XXXXXXXXXXXXXXXX XXXXXXXXXXXXXXXX XXXXXXXXXXXXXXXX
02C0 : XXXXXXXXXXXXXXXX XXXXXXXXXXXXXXXX XXXXXXXXXXXXXXXX XXXXXXXXXXXXXXXX
0300 : XXXXXXXXXXXXXXXX XXXXXXXXXXXXXXXX XXXXXXXXXXXXXXXX XXXXXXXXXXXXXXXX
0340 : XXXXXXXXXXXXXXXX XXXXXXXXXXXXXXXX XXXXXXXXXXXXXXXX XXXXXXXXXXXXXXXX
0380 : XXXXXXXXXXXXXXXX XXXXXXXXXXXXXXXX XXXXXXXXXXXXXXXX XXXXXXXXXXXXXXXX
03C0 : XXXXXXXXXXXXXXXX XXXXXXXXXXXXXXXX XXXXXXXXXXXXXXXX XXXXXXXXXXXXXXXX
0400 : XXXXXXXXXXXXXXXX XXXXXXXXXXXXXXXX XXXXXXXXXXXXXXXX XXXXXXXXXXXXXXXX
0440 : XXXXXXXXXXXXXXXX XXXXXXXXXXXXXXXX XXXXXXXXXXXXXXXX XXXXXXXXXXXXXXXX
0480 : XXXXXXXXXXXXXXXX XXXXXXXXXXXXXXXX XXXXXXXXXXXXXXXX XXXXXXXXXXXXXXXX
04C0 : XXXXXXXXXXXXXXXX XXXXXXXXXXXXXXXX XXXXXXXXXXXXXXXX XXXXXXXXXXXXXXXX
0500 : XXXXXXXXXXXXXXXX XXXXXXXXXXXXXXXX XXXXXXXXXXXXXXXX XXXXXXXXXXXXXXXX
0540 : XXXXXXXXXXXXXXXX XXXXXXXXXXXXXXXX XXXXXXXXXXXXXXXX XXXXXXXXXXXXXXXX
0580 : XXXXXXXXXXXXXXXX XXXXXXXXXXXXXXXX XXXXXXXXXXXXXXXX XXXXXXXXXXXXXXXX
05C0 : XXXXXXXXXXXXXXXX XXXXXXXXXXXXXXXX XXXXXXXXXXXXXXXX XXXXXXXXXXXXXXXX
0600 : XXXXXXXXXXXXXXXX XXXXXXXXXXXXXXXX XXXXXXXXXXXXXXXX XXXXXXXXXXXXXXXX
0640 : XXXXXXXXXXXXXXXX XXXXXXXXXXXXXXXX XXXXXXXXXXXXXXXX XXXXXXXXXXXXXXXX
0680 : XXXXXXXXXXXXXXXX XXXXXXXXXXXXXXXX XXXXXXXXXXXXXXXX XXXXXXXXXXXXXXXX
06C0 : XXXXXXXXXXXXXXXX XXXXXXXXXXXXXXXX XXXXXXXXXXXXXXXX XXXXXXXXXXXXXXXX
0700 : XXXXXXXXXXXXXXXX XXXXXXXXXXXXXXXX XXXXXXXXXXXXXXXX XXXXXXXXXXXXXXXX
0740 : XXXXXXXXXXXXXXXX XXXXXXXXXXXXXXXX XXXXXXXXXXXXXXXX XXXXXXXXXXXXXXXX
0780 : XXXXXXXXXXXXXXXX XXXXXXXXXXXXXXXX XXXXXXXXXXXXXXXX XXXXXXXXXXXXXXXX
07C0 : XX-------------- ---------------- ---------------- ----------------
0900 : XXXXXXXXXXXXXXXX XXXXXXXXXXXXXXXX XXXXXXXXXXXXXXXX XXXXXXXXXXXXXXXX
0940 : XXXXXXXXXXXXXXXX XXXXXXXXXXXXXXXX XXXXXXXXXXXXXXXX XXXXXXXXXXXXXXXX
0980 : XXXXXXXXXXXXXXXX XXXXXXXXXXXXXXXX XXXXXXXXXXXXXXXX XXXXXXXXXXXXXXXX
09C0 : XXXXXXXXXXXXXXXX XXXXXXXXXXXXXXXX XXXXXXXXXXXXXXXX XXXXXXXXXXXXXXXX
0A00 : XXXXXXXXXXXXXXXX XXXXXXXXXXXXXXXX XXXXXXXXXXXXXXXX XXXXXXXXXXXXXXXX
0A40 : XXXXXXXXXXXXXXXX XXXXXXXXXXXXXXXX XXXXXXXXXXXXXXXX XXXXXXXXXXXXXXXX
0A80 : XXXXXXXXXXXXXXXX XXXXXXXXXXXXXXXX XXXXXXXXXXXXXXXX XXXXXXXXXXXXXXXX
0AC0 : XXXXXXXXXXXXXXXX XXXXXXXXXXXXXXXX XXXXXXXXXXXXXXXX XXXXXXXXXXXXXXXX
0B00 : XXXXXXXXXXXXXXXX XXXXXXXXXXXXXXXX XXXXXXXXXXXXXXXX XXXXXXXXXXXXXXXX
0B40 : XXXXXXXXXXXXXXXX XXXXXXXXXXXXXXXX XXXXXXXXXXXXXXXX XXXXXXXXXXXXXXXX
0B80 : XX-------------- ---------------- ---------------- ----------------
0E00 : -XXXXXXXXXXXXXXX XXXXXXXXXXXXXXXX XXXXXXXXXXXXXXXX XX--------------
2000 : -------X-------- ---------------- ---------------- ----------------

All other memory blocks unused.

Program Memory Words Used:  2674
Program Memory Words Free:  5518

MPASM  5.42                       RELOJMA.ASM   9-28-2014  11:00:19         PAGE 96






Errors   :     0
Warnings :     0 reported,     0 suppressed
Messages :   164 reported,     0 suppressed

